Origin,Destination,Product,Month,Quantity
Australia,Japan,SoothingSerenity Hand Sanitizer,Jan2004,1326
Australia,Japan,SoothingSerenity Hand Sanitizer,Feb2004,1299
Australia,Japan,SoothingSerenity Hand Sanitizer,Mar2004,1332
Australia,Japan,SoothingSerenity Hand Sanitizer,Apr2004,1376
Australia,Japan,SoothingSerenity Hand Sanitizer,May2004,1313
Australia,Japan,SoothingSerenity Hand Sanitizer,Jun2004,1283
Australia,Japan,SoothingSerenity Hand Sanitizer,Jul2004,1296
Australia,Japan,SoothingSerenity Hand Sanitizer,Aug2004,1256
Australia,Japan,SoothingSerenity Hand Sanitizer,Sep2004,1200
Australia,Japan,SoothingSerenity Hand Sanitizer,Oct2004,1434
Australia,Japan,SoothingSerenity Hand Sanitizer,Nov2004,1242
Australia,Japan,SoothingSerenity Hand Sanitizer,Dec2004,1335
Australia,Italy,SoothingSerenity Hand Sanitizer,Jan2004,1720
Australia,Italy,SoothingSerenity Hand Sanitizer,Feb2004,1701
Australia,Italy,SoothingSerenity Hand Sanitizer,Mar2004,1948
Australia,Italy,SoothingSerenity Hand Sanitizer,Apr2004,1694
Australia,Italy,SoothingSerenity Hand Sanitizer,May2004,1828
Australia,Italy,SoothingSerenity Hand Sanitizer,Jun2004,1654
Australia,Italy,SoothingSerenity Hand Sanitizer,Jul2004,1831
Australia,Italy,SoothingSerenity Hand Sanitizer,Aug2004,1808
Australia,Italy,SoothingSerenity Hand Sanitizer,Sep2004,1819
Australia,Italy,SoothingSerenity Hand Sanitizer,Oct2004,1722
Australia,Italy,SoothingSerenity Hand Sanitizer,Nov2004,1855
Australia,Italy,SoothingSerenity Hand Sanitizer,Dec2004,1932
Australia,Italy,Hydrating Honey Body Lotion,Jan2004,1470
Australia,Italy,Hydrating Honey Body Lotion,Feb2004,1661
Australia,Italy,Hydrating Honey Body Lotion,Mar2004,1589
Australia,Italy,Hydrating Honey Body Lotion,Apr2004,1396
Australia,Italy,Hydrating Honey Body Lotion,May2004,1553
Australia,Italy,Hydrating Honey Body Lotion,Jun2004,1467
Australia,Italy,Hydrating Honey Body Lotion,Jul2004,1485
Australia,Italy,Hydrating Honey Body Lotion,Aug2004,1517
Australia,Italy,Hydrating Honey Body Lotion,Sep2004,1616
Australia,Italy,Hydrating Honey Body Lotion,Oct2004,1539
Australia,Italy,Hydrating Honey Body Lotion,Nov2004,1511
Australia,Italy,Hydrating Honey Body Lotion,Dec2004,1450
Australia,France,SoothingSerenity Hand Sanitizer,Jan2004,1475
Australia,France,SoothingSerenity Hand Sanitizer,Feb2004,1538
Australia,France,SoothingSerenity Hand Sanitizer,Mar2004,1516
Australia,France,SoothingSerenity Hand Sanitizer,Apr2004,1516
Australia,France,SoothingSerenity Hand Sanitizer,May2004,1688
Australia,France,SoothingSerenity Hand Sanitizer,Jun2004,1572
Australia,France,SoothingSerenity Hand Sanitizer,Jul2004,1670
Australia,France,SoothingSerenity Hand Sanitizer,Aug2004,1483
Australia,France,SoothingSerenity Hand Sanitizer,Sep2004,1490
Australia,France,SoothingSerenity Hand Sanitizer,Oct2004,1514
Australia,France,SoothingSerenity Hand Sanitizer,Nov2004,1605
Australia,France,SoothingSerenity Hand Sanitizer,Dec2004,1604
Australia,France,GentleGlow Face Cleanser,Jun2004,194
Australia,France,GentleGlow Face Cleanser,Nov2004,269
Australia,France,SilkySkin Moisturizing Cream,Jan2004,578
Australia,France,SilkySkin Moisturizing Cream,Feb2004,564
Australia,France,SilkySkin Moisturizing Cream,Mar2004,633
Australia,France,SilkySkin Moisturizing Cream,Apr2004,608
Australia,France,SilkySkin Moisturizing Cream,May2004,637
Australia,France,SilkySkin Moisturizing Cream,Jun2004,639
Australia,France,SilkySkin Moisturizing Cream,Jul2004,556
Australia,France,SilkySkin Moisturizing Cream,Aug2004,564
Australia,France,SilkySkin Moisturizing Cream,Sep2004,583
Australia,France,SilkySkin Moisturizing Cream,Oct2004,639
Australia,France,SilkySkin Moisturizing Cream,Nov2004,596
Australia,France,SilkySkin Moisturizing Cream,Dec2004,647
Australia,France,SoothingSoft Fabric Softener,Jan2004,755
Australia,France,SoothingSoft Fabric Softener,Feb2004,713
Australia,France,SoothingSoft Fabric Softener,Mar2004,674
Australia,France,SoothingSoft Fabric Softener,Apr2004,715
Australia,France,SoothingSoft Fabric Softener,May2004,605
Australia,France,SoothingSoft Fabric Softener,Jun2004,731
Australia,France,SoothingSoft Fabric Softener,Jul2004,752
Australia,France,SoothingSoft Fabric Softener,Aug2004,700
Australia,France,SoothingSoft Fabric Softener,Sep2004,767
Australia,France,SoothingSoft Fabric Softener,Oct2004,714
Australia,France,SoothingSoft Fabric Softener,Nov2004,687
Australia,France,SoothingSoft Fabric Softener,Dec2004,765
Australia,France,SparklingClean All-Purpose Cleaner,Jan2004,295
Australia,France,SparklingClean All-Purpose Cleaner,Apr2004,267
Australia,France,SparklingClean All-Purpose Cleaner,May2004,264
Australia,France,SparklingClean All-Purpose Cleaner,Jun2004,321
Australia,France,SparklingClean All-Purpose Cleaner,Jul2004,155
Australia,France,SparklingClean All-Purpose Cleaner,Aug2004,307
Australia,France,SparklingClean All-Purpose Cleaner,Sep2004,316
Australia,France,SparklingClean All-Purpose Cleaner,Oct2004,267
Australia,France,SparklingClean All-Purpose Cleaner,Nov2004,257
Australia,France,SparklingClean All-Purpose Cleaner,Dec2004,306
Australia,France,RadiantRinse Color Protector,Jan2004,1477
Australia,France,RadiantRinse Color Protector,Feb2004,1405
Australia,France,RadiantRinse Color Protector,Mar2004,1453
Australia,France,RadiantRinse Color Protector,Apr2004,1409
Australia,France,RadiantRinse Color Protector,May2004,1382
Australia,France,RadiantRinse Color Protector,Jun2004,1457
Australia,France,RadiantRinse Color Protector,Jul2004,1480
Australia,France,RadiantRinse Color Protector,Aug2004,1408
Australia,France,RadiantRinse Color Protector,Sep2004,1407
Australia,France,RadiantRinse Color Protector,Oct2004,1352
Australia,France,RadiantRinse Color Protector,Nov2004,1552
Australia,France,RadiantRinse Color Protector,Dec2004,1428
Australia,France,EasyWash Laundry Detergent,Jan2004,1315
Australia,France,EasyWash Laundry Detergent,Feb2004,894
Australia,France,EasyWash Laundry Detergent,Mar2004,1152
Australia,France,EasyWash Laundry Detergent,Apr2004,1230
Australia,France,EasyWash Laundry Detergent,May2004,1347
Australia,France,EasyWash Laundry Detergent,Jun2004,1254
Australia,France,EasyWash Laundry Detergent,Jul2004,1308
Australia,France,EasyWash Laundry Detergent,Aug2004,1012
Australia,France,EasyWash Laundry Detergent,Sep2004,730
Australia,France,EasyWash Laundry Detergent,Oct2004,917
Australia,France,EasyWash Laundry Detergent,Nov2004,920
Australia,France,EasyWash Laundry Detergent,Dec2004,172
Australia,France,LittleLullaby Diaper Cream,Jan2004,1208
Australia,France,LittleLullaby Diaper Cream,Feb2004,1109
Australia,France,LittleLullaby Diaper Cream,Mar2004,1069
Australia,France,LittleLullaby Diaper Cream,Apr2004,1229
Australia,France,LittleLullaby Diaper Cream,May2004,1090
Australia,France,LittleLullaby Diaper Cream,Jun2004,1096
Australia,France,LittleLullaby Diaper Cream,Jul2004,1186
Australia,France,LittleLullaby Diaper Cream,Aug2004,1115
Australia,France,LittleLullaby Diaper Cream,Sep2004,1078
Australia,France,LittleLullaby Diaper Cream,Oct2004,1115
Australia,France,LittleLullaby Diaper Cream,Nov2004,1066
Australia,France,LittleLullaby Diaper Cream,Dec2004,1203
Australia,France,RadiantRose Baby Massage Oil,Jan2004,1531
Australia,France,RadiantRose Baby Massage Oil,Feb2004,1275
Australia,France,RadiantRose Baby Massage Oil,Mar2004,1491
Australia,France,RadiantRose Baby Massage Oil,Apr2004,1354
Australia,France,RadiantRose Baby Massage Oil,May2004,1419
Australia,France,RadiantRose Baby Massage Oil,Jun2004,1415
Australia,France,RadiantRose Baby Massage Oil,Jul2004,1362
Australia,France,RadiantRose Baby Massage Oil,Aug2004,1436
Australia,France,RadiantRose Baby Massage Oil,Sep2004,1428
Australia,France,RadiantRose Baby Massage Oil,Oct2004,1553
Australia,France,RadiantRose Baby Massage Oil,Nov2004,1402
Australia,France,RadiantRose Baby Massage Oil,Dec2004,1516
Australia,France,SmellSational Baby Room Spray,Jan2004,1351
Australia,France,SmellSational Baby Room Spray,Feb2004,1433
Australia,France,SmellSational Baby Room Spray,Mar2004,1512
Australia,France,SmellSational Baby Room Spray,Apr2004,1401
Australia,France,SmellSational Baby Room Spray,May2004,1457
Australia,France,SmellSational Baby Room Spray,Jun2004,1547
Australia,France,SmellSational Baby Room Spray,Jul2004,1347
Australia,France,SmellSational Baby Room Spray,Aug2004,1372
Australia,France,SmellSational Baby Room Spray,Sep2004,1459
Australia,France,SmellSational Baby Room Spray,Oct2004,1593
Australia,France,SmellSational Baby Room Spray,Nov2004,1508
Australia,France,SmellSational Baby Room Spray,Dec2004,1693
Australia,France,PurePore Insect Repellent Spray,Jan2004,666
Australia,France,PurePore Insect Repellent Spray,Feb2004,611
Australia,France,PurePore Insect Repellent Spray,Mar2004,698
Australia,France,PurePore Insect Repellent Spray,Apr2004,747
Australia,France,PurePore Insect Repellent Spray,May2004,694
Australia,France,PurePore Insect Repellent Spray,Jun2004,746
Australia,France,PurePore Insect Repellent Spray,Jul2004,588
Australia,France,PurePore Insect Repellent Spray,Aug2004,670
Australia,France,PurePore Insect Repellent Spray,Sep2004,669
Australia,France,PurePore Insect Repellent Spray,Oct2004,664
Australia,France,PurePore Insect Repellent Spray,Nov2004,678
Australia,France,PurePore Insect Repellent Spray,Dec2004,689
Australia,France,RadiantRover Pet Conditioner,Jan2004,1812
Australia,France,RadiantRover Pet Conditioner,Feb2004,1854
Australia,France,RadiantRover Pet Conditioner,Mar2004,1695
Australia,France,RadiantRover Pet Conditioner,Apr2004,1724
Australia,France,RadiantRover Pet Conditioner,May2004,1816
Australia,France,RadiantRover Pet Conditioner,Jun2004,1709
Australia,France,RadiantRover Pet Conditioner,Jul2004,1797
Australia,France,RadiantRover Pet Conditioner,Aug2004,1828
Australia,France,RadiantRover Pet Conditioner,Sep2004,1799
Australia,France,RadiantRover Pet Conditioner,Oct2004,1908
Australia,France,RadiantRover Pet Conditioner,Nov2004,1901
Australia,France,RadiantRover Pet Conditioner,Dec2004,1809
Australia,France,SmellSational Pet Deodorizer,Jan2004,1104
Australia,France,SmellSational Pet Deodorizer,Feb2004,1087
Australia,France,SmellSational Pet Deodorizer,Mar2004,1122
Australia,France,SmellSational Pet Deodorizer,Apr2004,1225
Australia,France,SmellSational Pet Deodorizer,May2004,1177
Australia,France,SmellSational Pet Deodorizer,Jun2004,1223
Australia,France,SmellSational Pet Deodorizer,Jul2004,1184
Australia,France,SmellSational Pet Deodorizer,Aug2004,1226
Australia,France,SmellSational Pet Deodorizer,Sep2004,1269
Australia,France,SmellSational Pet Deodorizer,Oct2004,1193
Australia,France,SmellSational Pet Deodorizer,Nov2004,1176
Australia,France,SmellSational Pet Deodorizer,Dec2004,1156
Australia,United Kingdom,SmilesSoPure Waterpik,Sep2004,76
Australia,United Kingdom,SparklingGlow Toothpaste,Jan2004,2088
Australia,United Kingdom,SparklingGlow Toothpaste,Feb2004,1928
Australia,United Kingdom,SparklingGlow Toothpaste,Mar2004,1966
Australia,United Kingdom,SparklingGlow Toothpaste,Apr2004,1932
Australia,United Kingdom,SparklingGlow Toothpaste,May2004,1881
Australia,United Kingdom,SparklingGlow Toothpaste,Jun2004,2020
Australia,United Kingdom,SparklingGlow Toothpaste,Jul2004,2057
Australia,United Kingdom,SparklingGlow Toothpaste,Aug2004,1778
Australia,United Kingdom,SparklingGlow Toothpaste,Sep2004,1967
Australia,United Kingdom,SparklingGlow Toothpaste,Oct2004,1943
Australia,United Kingdom,SparklingGlow Toothpaste,Nov2004,1978
Australia,United Kingdom,SparklingGlow Toothpaste,Dec2004,1858
Australia,United Kingdom,SunShield SPF 50 Lotion,Jan2004,606
Australia,United Kingdom,SunShield SPF 50 Lotion,Feb2004,719
Australia,United Kingdom,SunShield SPF 50 Lotion,Mar2004,640
Australia,United Kingdom,SunShield SPF 50 Lotion,Apr2004,636
Australia,United Kingdom,SunShield SPF 50 Lotion,May2004,686
Australia,United Kingdom,SunShield SPF 50 Lotion,Jun2004,595
Australia,United Kingdom,SunShield SPF 50 Lotion,Jul2004,663
Australia,United Kingdom,SunShield SPF 50 Lotion,Aug2004,655
Australia,United Kingdom,SunShield SPF 50 Lotion,Sep2004,619
Australia,United Kingdom,SunShield SPF 50 Lotion,Oct2004,595
Australia,United Kingdom,SunShield SPF 50 Lotion,Nov2004,647
Australia,United Kingdom,SunShield SPF 50 Lotion,Dec2004,602
Australia,United Kingdom,PurePore Toner,Jan2004,1706
Australia,United Kingdom,PurePore Toner,Feb2004,1549
Australia,United Kingdom,PurePore Toner,Mar2004,1660
Australia,United Kingdom,PurePore Toner,Apr2004,1683
Australia,United Kingdom,PurePore Toner,May2004,1834
Australia,United Kingdom,PurePore Toner,Jun2004,1814
Australia,United Kingdom,PurePore Toner,Jul2004,1665
Australia,United Kingdom,PurePore Toner,Aug2004,1662
Australia,United Kingdom,PurePore Toner,Sep2004,1663
Australia,United Kingdom,PurePore Toner,Oct2004,1702
Australia,United Kingdom,PurePore Toner,Nov2004,1667
Australia,United Kingdom,PurePore Toner,Dec2004,1820
Australia,United Kingdom,SoothingSoft Fabric Softener,Jan2004,1166
Australia,United Kingdom,SoothingSoft Fabric Softener,Feb2004,1018
Australia,United Kingdom,SoothingSoft Fabric Softener,Mar2004,1195
Australia,United Kingdom,SoothingSoft Fabric Softener,Apr2004,1151
Australia,United Kingdom,SoothingSoft Fabric Softener,May2004,1135
Australia,United Kingdom,SoothingSoft Fabric Softener,Jun2004,1130
Australia,United Kingdom,SoothingSoft Fabric Softener,Jul2004,1160
Australia,United Kingdom,SoothingSoft Fabric Softener,Aug2004,1094
Australia,United Kingdom,SoothingSoft Fabric Softener,Sep2004,950
Australia,United Kingdom,SoothingSoft Fabric Softener,Oct2004,1084
Australia,United Kingdom,SoothingSoft Fabric Softener,Nov2004,1118
Australia,United Kingdom,SoothingSoft Fabric Softener,Dec2004,1041
Australia,United Kingdom,SmellSational Odor Eliminator,Jan2004,905
Australia,United Kingdom,SmellSational Odor Eliminator,Feb2004,883
Australia,United Kingdom,SmellSational Odor Eliminator,Mar2004,905
Australia,United Kingdom,SmellSational Odor Eliminator,Apr2004,840
Australia,United Kingdom,SmellSational Odor Eliminator,May2004,854
Australia,United Kingdom,SmellSational Odor Eliminator,Jun2004,933
Australia,United Kingdom,SmellSational Odor Eliminator,Jul2004,871
Australia,United Kingdom,SmellSational Odor Eliminator,Aug2004,878
Australia,United Kingdom,SmellSational Odor Eliminator,Sep2004,859
Australia,United Kingdom,SmellSational Odor Eliminator,Oct2004,880
Australia,United Kingdom,SmellSational Odor Eliminator,Nov2004,904
Australia,United Kingdom,SmellSational Odor Eliminator,Dec2004,824
Australia,United Kingdom,RadiantRose Baby Massage Oil,Jan2004,1834
Australia,United Kingdom,RadiantRose Baby Massage Oil,Feb2004,1907
Australia,United Kingdom,RadiantRose Baby Massage Oil,Mar2004,2049
Australia,United Kingdom,RadiantRose Baby Massage Oil,Apr2004,1939
Australia,United Kingdom,RadiantRose Baby Massage Oil,May2004,1875
Australia,United Kingdom,RadiantRose Baby Massage Oil,Jun2004,1853
Australia,United Kingdom,RadiantRose Baby Massage Oil,Jul2004,1926
Australia,United Kingdom,RadiantRose Baby Massage Oil,Aug2004,1763
Australia,United Kingdom,RadiantRose Baby Massage Oil,Sep2004,2020
Australia,United Kingdom,RadiantRose Baby Massage Oil,Oct2004,1968
Australia,United Kingdom,RadiantRose Baby Massage Oil,Nov2004,1868
Australia,United Kingdom,RadiantRose Baby Massage Oil,Dec2004,1942
Brazil,Italy,EasyWash Laundry Detergent for Babies,Jan2004,524
Brazil,Italy,EasyWash Laundry Detergent for Babies,Feb2004,563
Brazil,Italy,EasyWash Laundry Detergent for Babies,Mar2004,520
Brazil,Italy,EasyWash Laundry Detergent for Babies,Apr2004,549
Brazil,Italy,EasyWash Laundry Detergent for Babies,May2004,544
Brazil,Italy,EasyWash Laundry Detergent for Babies,Jun2004,494
Brazil,Italy,EasyWash Laundry Detergent for Babies,Jul2004,522
Brazil,Italy,EasyWash Laundry Detergent for Babies,Aug2004,508
Brazil,Italy,EasyWash Laundry Detergent for Babies,Sep2004,516
Brazil,Italy,EasyWash Laundry Detergent for Babies,Oct2004,491
Brazil,Italy,EasyWash Laundry Detergent for Babies,Nov2004,502
Brazil,Italy,EasyWash Laundry Detergent for Babies,Dec2004,498
Brazil,France,BriteBite Toothbrush,Jan2004,1506
Brazil,France,BriteBite Toothbrush,Feb2004,1478
Brazil,France,BriteBite Toothbrush,Mar2004,1439
Brazil,France,BriteBite Toothbrush,Apr2004,1517
Brazil,France,BriteBite Toothbrush,May2004,1399
Brazil,France,BriteBite Toothbrush,Jun2004,1505
Brazil,France,BriteBite Toothbrush,Jul2004,1615
Brazil,France,BriteBite Toothbrush,Aug2004,1411
Brazil,France,BriteBite Toothbrush,Sep2004,1660
Brazil,France,BriteBite Toothbrush,Oct2004,1467
Brazil,France,BriteBite Toothbrush,Nov2004,1615
Brazil,France,BriteBite Toothbrush,Dec2004,1544
Brazil,France,OralEase Plus Toothbrush,Jan2004,1236
Brazil,France,OralEase Plus Toothbrush,Feb2004,1361
Brazil,France,OralEase Plus Toothbrush,Mar2004,1391
Brazil,France,OralEase Plus Toothbrush,Apr2004,1471
Brazil,France,OralEase Plus Toothbrush,May2004,1296
Brazil,France,OralEase Plus Toothbrush,Jun2004,1366
Brazil,France,OralEase Plus Toothbrush,Jul2004,1347
Brazil,France,OralEase Plus Toothbrush,Aug2004,1333
Brazil,France,OralEase Plus Toothbrush,Sep2004,1335
Brazil,France,OralEase Plus Toothbrush,Oct2004,1355
Brazil,France,OralEase Plus Toothbrush,Nov2004,1426
Brazil,France,OralEase Plus Toothbrush,Dec2004,1291
Brazil,France,FreshFusion Detergent,Jan2004,568
Brazil,France,FreshFusion Detergent,Feb2004,365
Brazil,France,FreshFusion Detergent,Mar2004,608
Brazil,France,FreshFusion Detergent,Apr2004,46
Brazil,France,FreshFusion Detergent,May2004,605
Brazil,France,FreshFusion Detergent,Jun2004,544
Brazil,France,FreshFusion Detergent,Jul2004,602
Brazil,France,FreshFusion Detergent,Aug2004,594
Brazil,France,FreshFusion Detergent,Sep2004,584
Brazil,France,FreshFusion Detergent,Oct2004,377
Brazil,France,FreshFusion Detergent,Dec2004,585
Brazil,France,LittleLullaby Diaper Liners,Jan2004,1789
Brazil,France,LittleLullaby Diaper Liners,Feb2004,1869
Brazil,France,LittleLullaby Diaper Liners,Mar2004,1738
Brazil,France,LittleLullaby Diaper Liners,Apr2004,1775
Brazil,France,LittleLullaby Diaper Liners,May2004,1787
Brazil,France,LittleLullaby Diaper Liners,Jun2004,1811
Brazil,France,LittleLullaby Diaper Liners,Jul2004,1727
Brazil,France,LittleLullaby Diaper Liners,Aug2004,1635
Brazil,France,LittleLullaby Diaper Liners,Sep2004,1840
Brazil,France,LittleLullaby Diaper Liners,Oct2004,1829
Brazil,France,LittleLullaby Diaper Liners,Nov2004,1889
Brazil,France,LittleLullaby Diaper Liners,Dec2004,1866
Brazil,United Kingdom,BriteBite Toothbrush,Jan2004,1714
Brazil,United Kingdom,BriteBite Toothbrush,Feb2004,1781
Brazil,United Kingdom,BriteBite Toothbrush,Mar2004,1702
Brazil,United Kingdom,BriteBite Toothbrush,Apr2004,1628
Brazil,United Kingdom,BriteBite Toothbrush,May2004,1670
Brazil,United Kingdom,BriteBite Toothbrush,Jun2004,1816
Brazil,United Kingdom,BriteBite Toothbrush,Jul2004,1631
Brazil,United Kingdom,BriteBite Toothbrush,Aug2004,1739
Brazil,United Kingdom,BriteBite Toothbrush,Sep2004,1918
Brazil,United Kingdom,BriteBite Toothbrush,Oct2004,1866
Brazil,United Kingdom,BriteBite Toothbrush,Nov2004,1769
Brazil,United Kingdom,BriteBite Toothbrush,Dec2004,1713
Brazil,United Kingdom,DentalDefense Toothpaste,Jan2004,680
Brazil,United Kingdom,DentalDefense Toothpaste,Feb2004,743
Brazil,United Kingdom,DentalDefense Toothpaste,Mar2004,751
Brazil,United Kingdom,DentalDefense Toothpaste,Apr2004,757
Brazil,United Kingdom,DentalDefense Toothpaste,May2004,802
Brazil,United Kingdom,DentalDefense Toothpaste,Jun2004,785
Brazil,United Kingdom,DentalDefense Toothpaste,Jul2004,749
Brazil,United Kingdom,DentalDefense Toothpaste,Aug2004,800
Brazil,United Kingdom,DentalDefense Toothpaste,Sep2004,769
Brazil,United Kingdom,DentalDefense Toothpaste,Oct2004,739
Brazil,United Kingdom,DentalDefense Toothpaste,Nov2004,732
Brazil,United Kingdom,DentalDefense Toothpaste,Dec2004,739
Brazil,United Kingdom,Brightening Body Wash,Jan2004,958
Brazil,United Kingdom,Brightening Body Wash,Feb2004,1019
Brazil,United Kingdom,Brightening Body Wash,Mar2004,896
Brazil,United Kingdom,Brightening Body Wash,Apr2004,907
Brazil,United Kingdom,Brightening Body Wash,May2004,839
Brazil,United Kingdom,Brightening Body Wash,Jun2004,834
Brazil,United Kingdom,Brightening Body Wash,Jul2004,966
Brazil,United Kingdom,Brightening Body Wash,Aug2004,961
Brazil,United Kingdom,Brightening Body Wash,Sep2004,917
Brazil,United Kingdom,Brightening Body Wash,Oct2004,845
Brazil,United Kingdom,Brightening Body Wash,Nov2004,941
Brazil,United Kingdom,Brightening Body Wash,Dec2004,807
Egypt,Japan,BreatheEasy Inhalant,Jan2004,1160
Egypt,Japan,BreatheEasy Inhalant,Feb2004,1187
Egypt,Japan,BreatheEasy Inhalant,Mar2004,1056
Egypt,Japan,BreatheEasy Inhalant,Apr2004,1134
Egypt,Japan,BreatheEasy Inhalant,May2004,1134
Egypt,Japan,BreatheEasy Inhalant,Jun2004,1166
Egypt,Japan,BreatheEasy Inhalant,Jul2004,1125
Egypt,Japan,BreatheEasy Inhalant,Aug2004,1268
Egypt,Japan,BreatheEasy Inhalant,Sep2004,1251
Egypt,Japan,BreatheEasy Inhalant,Oct2004,1015
Egypt,Japan,BreatheEasy Inhalant,Nov2004,1177
Egypt,Japan,BreatheEasy Inhalant,Dec2004,1189
Egypt,Japan,BrightBreeze Period Pain Relief,Jan2004,656
Egypt,Japan,BrightBreeze Period Pain Relief,Feb2004,675
Egypt,Japan,BrightBreeze Period Pain Relief,Mar2004,674
Egypt,Japan,BrightBreeze Period Pain Relief,Apr2004,683
Egypt,Japan,BrightBreeze Period Pain Relief,May2004,600
Egypt,Japan,BrightBreeze Period Pain Relief,Jun2004,667
Egypt,Japan,BrightBreeze Period Pain Relief,Jul2004,661
Egypt,Japan,BrightBreeze Period Pain Relief,Aug2004,683
Egypt,Japan,BrightBreeze Period Pain Relief,Sep2004,676
Egypt,Japan,BrightBreeze Period Pain Relief,Oct2004,706
Egypt,Japan,BrightBreeze Period Pain Relief,Nov2004,678
Egypt,Japan,BrightBreeze Period Pain Relief,Dec2004,700
Egypt,Japan,PurePore Sanitary Belt,Jan2004,1077
Egypt,Japan,PurePore Sanitary Belt,Feb2004,974
Egypt,Japan,PurePore Sanitary Belt,Mar2004,1052
Egypt,Japan,PurePore Sanitary Belt,Apr2004,1092
Egypt,Japan,PurePore Sanitary Belt,May2004,950
Egypt,Japan,PurePore Sanitary Belt,Jun2004,948
Egypt,Japan,PurePore Sanitary Belt,Jul2004,982
Egypt,Japan,PurePore Sanitary Belt,Aug2004,991
Egypt,Japan,PurePore Sanitary Belt,Sep2004,1129
Egypt,Japan,PurePore Sanitary Belt,Oct2004,997
Egypt,Japan,PurePore Sanitary Belt,Nov2004,1029
Egypt,Japan,PurePore Sanitary Belt,Dec2004,959
Egypt,Japan,SoothingSerenity Air Freshener,Jan2004,1918
Egypt,Japan,SoothingSerenity Air Freshener,Feb2004,1907
Egypt,Japan,SoothingSerenity Air Freshener,Mar2004,1690
Egypt,Japan,SoothingSerenity Air Freshener,Apr2004,1906
Egypt,Japan,SoothingSerenity Air Freshener,May2004,1902
Egypt,Japan,SoothingSerenity Air Freshener,Jun2004,1843
Egypt,Japan,SoothingSerenity Air Freshener,Jul2004,1940
Egypt,Japan,SoothingSerenity Air Freshener,Aug2004,1824
Egypt,Japan,SoothingSerenity Air Freshener,Sep2004,1898
Egypt,Japan,SoothingSerenity Air Freshener,Oct2004,1822
Egypt,Japan,SoothingSerenity Air Freshener,Nov2004,1822
Egypt,Japan,SoothingSerenity Air Freshener,Dec2004,1795
Egypt,Japan,BrightBreeze Window Cleaner,Jan2004,1318
Egypt,Japan,BrightBreeze Window Cleaner,Feb2004,1734
Egypt,Japan,BrightBreeze Window Cleaner,Mar2004,1714
Egypt,Japan,BrightBreeze Window Cleaner,Apr2004,1669
Egypt,Japan,BrightBreeze Window Cleaner,May2004,1652
Egypt,Japan,BrightBreeze Window Cleaner,Jun2004,1791
Egypt,Japan,BrightBreeze Window Cleaner,Jul2004,1683
Egypt,Japan,BrightBreeze Window Cleaner,Aug2004,1279
Egypt,Japan,BrightBreeze Window Cleaner,Sep2004,1631
Egypt,Japan,BrightBreeze Window Cleaner,Oct2004,1432
Egypt,Japan,BrightBreeze Window Cleaner,Nov2004,1646
Egypt,Japan,BrightBreeze Window Cleaner,Dec2004,1771
Egypt,Japan,CalmingClean Dog Brush,Jan2004,1146
Egypt,Japan,CalmingClean Dog Brush,Feb2004,1254
Egypt,Japan,CalmingClean Dog Brush,Mar2004,1155
Egypt,Japan,CalmingClean Dog Brush,Apr2004,1021
Egypt,Japan,CalmingClean Dog Brush,May2004,1232
Egypt,Japan,CalmingClean Dog Brush,Jun2004,1228
Egypt,Japan,CalmingClean Dog Brush,Jul2004,1061
Egypt,Japan,CalmingClean Dog Brush,Aug2004,992
Egypt,Japan,CalmingClean Dog Brush,Sep2004,1182
Egypt,Japan,CalmingClean Dog Brush,Oct2004,1041
Egypt,Japan,CalmingClean Dog Brush,Nov2004,1059
Egypt,Japan,CalmingClean Dog Brush,Dec2004,1013
Egypt,Brazil,SparklingSmile Water Flosser,Jan2004,1470
Egypt,Brazil,SparklingSmile Water Flosser,Feb2004,1614
Egypt,Brazil,SparklingSmile Water Flosser,Mar2004,1583
Egypt,Brazil,SparklingSmile Water Flosser,Apr2004,1670
Egypt,Brazil,SparklingSmile Water Flosser,May2004,1345
Egypt,Brazil,SparklingSmile Water Flosser,Jun2004,1476
Egypt,Brazil,SparklingSmile Water Flosser,Jul2004,1450
Egypt,Brazil,SparklingSmile Water Flosser,Aug2004,1567
Egypt,Brazil,SparklingSmile Water Flosser,Sep2004,1539
Egypt,Brazil,SparklingSmile Water Flosser,Oct2004,1484
Egypt,Brazil,SparklingSmile Water Flosser,Nov2004,1479
Egypt,Brazil,SparklingSmile Water Flosser,Dec2004,1478
Egypt,Brazil,SilkySkin Baby Moisturizer,Jan2004,1145
Egypt,Brazil,SilkySkin Baby Moisturizer,Feb2004,1187
Egypt,Brazil,SilkySkin Baby Moisturizer,Mar2004,1265
Egypt,Brazil,SilkySkin Baby Moisturizer,Apr2004,1168
Egypt,Brazil,SilkySkin Baby Moisturizer,May2004,740
Egypt,Brazil,SilkySkin Baby Moisturizer,Jun2004,1235
Egypt,Brazil,SilkySkin Baby Moisturizer,Jul2004,1181
Egypt,Brazil,SilkySkin Baby Moisturizer,Aug2004,998
Egypt,Brazil,SilkySkin Baby Moisturizer,Sep2004,1222
Egypt,Brazil,SilkySkin Baby Moisturizer,Oct2004,1161
Egypt,Brazil,SilkySkin Baby Moisturizer,Nov2004,1112
Egypt,Brazil,SilkySkin Baby Moisturizer,Dec2004,1138
Egypt,France,SparklingSmile Water Flosser,Jan2004,301
Egypt,France,SparklingSmile Water Flosser,Feb2004,344
Egypt,France,SparklingSmile Water Flosser,Mar2004,323
Egypt,France,SparklingSmile Water Flosser,Apr2004,319
Egypt,France,SparklingSmile Water Flosser,May2004,301
Egypt,France,SparklingSmile Water Flosser,Jun2004,340
Egypt,France,SparklingSmile Water Flosser,Jul2004,300
Egypt,France,SparklingSmile Water Flosser,Aug2004,321
Egypt,France,SparklingSmile Water Flosser,Sep2004,346
Egypt,France,SparklingSmile Water Flosser,Oct2004,345
Egypt,France,SparklingSmile Water Flosser,Nov2004,334
Egypt,France,SparklingSmile Water Flosser,Dec2004,415
Egypt,France,RadiantRose Face Mask,Jan2004,1020
Egypt,France,RadiantRose Face Mask,Feb2004,892
Egypt,France,RadiantRose Face Mask,Mar2004,1061
Egypt,France,RadiantRose Face Mask,Apr2004,1013
Egypt,France,RadiantRose Face Mask,May2004,1026
Egypt,France,RadiantRose Face Mask,Jun2004,1036
Egypt,France,RadiantRose Face Mask,Jul2004,1080
Egypt,France,RadiantRose Face Mask,Aug2004,994
Egypt,France,RadiantRose Face Mask,Sep2004,1077
Egypt,France,RadiantRose Face Mask,Oct2004,1047
Egypt,France,RadiantRose Face Mask,Nov2004,900
Egypt,France,RadiantRose Face Mask,Dec2004,992
Egypt,France,Exfoliating Essentials Scrub,Jan2004,1498
Egypt,France,Exfoliating Essentials Scrub,Feb2004,1471
Egypt,France,Exfoliating Essentials Scrub,Mar2004,1377
Egypt,France,Exfoliating Essentials Scrub,Apr2004,1289
Egypt,France,Exfoliating Essentials Scrub,May2004,1411
Egypt,France,Exfoliating Essentials Scrub,Jun2004,1290
Egypt,France,Exfoliating Essentials Scrub,Jul2004,1445
Egypt,France,Exfoliating Essentials Scrub,Aug2004,1290
Egypt,France,Exfoliating Essentials Scrub,Sep2004,1452
Egypt,France,Exfoliating Essentials Scrub,Oct2004,1284
Egypt,France,Exfoliating Essentials Scrub,Nov2004,1488
Egypt,France,Exfoliating Essentials Scrub,Dec2004,1375
Egypt,France,LuminousLocks Shampoo,Jan2004,609
Egypt,France,LuminousLocks Shampoo,Feb2004,611
Egypt,France,LuminousLocks Shampoo,Mar2004,567
Egypt,France,LuminousLocks Shampoo,Apr2004,563
Egypt,France,LuminousLocks Shampoo,May2004,593
Egypt,France,LuminousLocks Shampoo,Jun2004,581
Egypt,France,LuminousLocks Shampoo,Jul2004,641
Egypt,France,LuminousLocks Shampoo,Aug2004,600
Egypt,France,LuminousLocks Shampoo,Sep2004,581
Egypt,France,LuminousLocks Shampoo,Oct2004,540
Egypt,France,LuminousLocks Shampoo,Nov2004,615
Egypt,France,LuminousLocks Shampoo,Dec2004,556
Egypt,France,BrightBreeze Period Pain Relief,Jan2004,1714
Egypt,France,BrightBreeze Period Pain Relief,Feb2004,1665
Egypt,France,BrightBreeze Period Pain Relief,Mar2004,1687
Egypt,France,BrightBreeze Period Pain Relief,Apr2004,1606
Egypt,France,BrightBreeze Period Pain Relief,May2004,1546
Egypt,France,BrightBreeze Period Pain Relief,Jun2004,1729
Egypt,France,BrightBreeze Period Pain Relief,Jul2004,1496
Egypt,France,BrightBreeze Period Pain Relief,Aug2004,1734
Egypt,France,BrightBreeze Period Pain Relief,Sep2004,1552
Egypt,France,BrightBreeze Period Pain Relief,Oct2004,1677
Egypt,France,BrightBreeze Period Pain Relief,Nov2004,1514
Egypt,France,BrightBreeze Period Pain Relief,Dec2004,1575
Egypt,France,BrightBreeze Window Cleaner,Jan2004,593
Egypt,France,BrightBreeze Window Cleaner,Feb2004,563
Egypt,France,BrightBreeze Window Cleaner,Mar2004,524
Egypt,France,BrightBreeze Window Cleaner,Apr2004,530
Egypt,France,BrightBreeze Window Cleaner,May2004,549
Egypt,France,BrightBreeze Window Cleaner,Jun2004,566
Egypt,France,BrightBreeze Window Cleaner,Jul2004,584
Egypt,France,BrightBreeze Window Cleaner,Aug2004,594
Egypt,France,BrightBreeze Window Cleaner,Sep2004,569
Egypt,France,BrightBreeze Window Cleaner,Oct2004,604
Egypt,France,BrightBreeze Window Cleaner,Nov2004,564
Egypt,France,BrightBreeze Window Cleaner,Dec2004,617
Egypt,France,EasyWash Laundry Detergent for Delicates,Jan2004,1011
Egypt,France,EasyWash Laundry Detergent for Delicates,Feb2004,971
Egypt,France,EasyWash Laundry Detergent for Delicates,Mar2004,1024
Egypt,France,EasyWash Laundry Detergent for Delicates,Apr2004,965
Egypt,France,EasyWash Laundry Detergent for Delicates,May2004,1059
Egypt,France,EasyWash Laundry Detergent for Delicates,Jun2004,1002
Egypt,France,EasyWash Laundry Detergent for Delicates,Jul2004,1088
Egypt,France,EasyWash Laundry Detergent for Delicates,Aug2004,880
Egypt,France,EasyWash Laundry Detergent for Delicates,Sep2004,997
Egypt,France,EasyWash Laundry Detergent for Delicates,Oct2004,1011
Egypt,France,EasyWash Laundry Detergent for Delicates,Nov2004,977
Egypt,France,EasyWash Laundry Detergent for Delicates,Dec2004,1048
Egypt,France,CalmingClean Dog Brush,Jan2004,1051
Egypt,France,CalmingClean Dog Brush,Feb2004,1034
Egypt,France,CalmingClean Dog Brush,Mar2004,1057
Egypt,France,CalmingClean Dog Brush,Apr2004,1039
Egypt,France,CalmingClean Dog Brush,May2004,953
Egypt,France,CalmingClean Dog Brush,Jun2004,995
Egypt,France,CalmingClean Dog Brush,Jul2004,963
Egypt,France,CalmingClean Dog Brush,Aug2004,1015
Egypt,France,CalmingClean Dog Brush,Sep2004,986
Egypt,France,CalmingClean Dog Brush,Oct2004,1030
Egypt,France,CalmingClean Dog Brush,Nov2004,1033
Egypt,France,CalmingClean Dog Brush,Dec2004,1062
Egypt,United Kingdom,GentleGlow Baby Sunscreen,Jan2004,615
Egypt,United Kingdom,GentleGlow Baby Sunscreen,Feb2004,600
Egypt,United Kingdom,GentleGlow Baby Sunscreen,Mar2004,653
Egypt,United Kingdom,GentleGlow Baby Sunscreen,Apr2004,637
Egypt,United Kingdom,GentleGlow Baby Sunscreen,May2004,675
Egypt,United Kingdom,GentleGlow Baby Sunscreen,Jun2004,635
Egypt,United Kingdom,GentleGlow Baby Sunscreen,Jul2004,610
Egypt,United Kingdom,GentleGlow Baby Sunscreen,Aug2004,662
Egypt,United Kingdom,GentleGlow Baby Sunscreen,Sep2004,677
Egypt,United Kingdom,GentleGlow Baby Sunscreen,Oct2004,658
Egypt,United Kingdom,GentleGlow Baby Sunscreen,Nov2004,626
Egypt,United Kingdom,GentleGlow Baby Sunscreen,Dec2004,645
Egypt,United Kingdom,SilkySkin Baby Moisturizer,Jan2004,758
Egypt,United Kingdom,SilkySkin Baby Moisturizer,Feb2004,801
Egypt,United Kingdom,SilkySkin Baby Moisturizer,Mar2004,869
Egypt,United Kingdom,SilkySkin Baby Moisturizer,Apr2004,745
Egypt,United Kingdom,SilkySkin Baby Moisturizer,May2004,762
Egypt,United Kingdom,SilkySkin Baby Moisturizer,Jun2004,818
Egypt,United Kingdom,SilkySkin Baby Moisturizer,Jul2004,829
Egypt,United Kingdom,SilkySkin Baby Moisturizer,Aug2004,770
Egypt,United Kingdom,SilkySkin Baby Moisturizer,Sep2004,813
Egypt,United Kingdom,SilkySkin Baby Moisturizer,Oct2004,834
Egypt,United Kingdom,SilkySkin Baby Moisturizer,Nov2004,838
Egypt,United Kingdom,SilkySkin Baby Moisturizer,Dec2004,730
Egypt,United Kingdom,GentleGlow Baby Face Wash,Jan2004,790
Egypt,United Kingdom,GentleGlow Baby Face Wash,Feb2004,765
Egypt,United Kingdom,GentleGlow Baby Face Wash,Mar2004,775
Egypt,United Kingdom,GentleGlow Baby Face Wash,Apr2004,791
Egypt,United Kingdom,GentleGlow Baby Face Wash,May2004,805
Egypt,United Kingdom,GentleGlow Baby Face Wash,Jun2004,803
Egypt,United Kingdom,GentleGlow Baby Face Wash,Jul2004,741
Egypt,United Kingdom,GentleGlow Baby Face Wash,Aug2004,720
Egypt,United Kingdom,GentleGlow Baby Face Wash,Sep2004,785
Egypt,United Kingdom,GentleGlow Baby Face Wash,Oct2004,773
Egypt,United Kingdom,GentleGlow Baby Face Wash,Nov2004,715
Egypt,United Kingdom,GentleGlow Baby Face Wash,Dec2004,785
Egypt,United Kingdom,BrightBreeze Period Pain Relief,Jan2004,1296
Egypt,United Kingdom,BrightBreeze Period Pain Relief,Feb2004,1278
Egypt,United Kingdom,BrightBreeze Period Pain Relief,Mar2004,1466
Egypt,United Kingdom,BrightBreeze Period Pain Relief,Apr2004,1376
Egypt,United Kingdom,BrightBreeze Period Pain Relief,May2004,1293
Egypt,United Kingdom,BrightBreeze Period Pain Relief,Jun2004,1326
Egypt,United Kingdom,BrightBreeze Period Pain Relief,Jul2004,1157
Egypt,United Kingdom,BrightBreeze Period Pain Relief,Aug2004,1395
Egypt,United Kingdom,BrightBreeze Period Pain Relief,Sep2004,1437
Egypt,United Kingdom,BrightBreeze Period Pain Relief,Oct2004,1198
Egypt,United Kingdom,BrightBreeze Period Pain Relief,Nov2004,1356
Egypt,United Kingdom,BrightBreeze Period Pain Relief,Dec2004,1326
Egypt,United Kingdom,SoothingSerenity Air Freshener,Jan2004,1418
Egypt,United Kingdom,SoothingSerenity Air Freshener,Feb2004,1427
Egypt,United Kingdom,SoothingSerenity Air Freshener,Mar2004,1312
Egypt,United Kingdom,SoothingSerenity Air Freshener,Apr2004,1397
Egypt,United Kingdom,SoothingSerenity Air Freshener,May2004,1437
Egypt,United Kingdom,SoothingSerenity Air Freshener,Jun2004,1393
Egypt,United Kingdom,SoothingSerenity Air Freshener,Jul2004,1392
Egypt,United Kingdom,SoothingSerenity Air Freshener,Aug2004,1360
Egypt,United Kingdom,SoothingSerenity Air Freshener,Sep2004,1422
Egypt,United Kingdom,SoothingSerenity Air Freshener,Oct2004,1400
Egypt,United Kingdom,SoothingSerenity Air Freshener,Nov2004,1585
Egypt,United Kingdom,SoothingSerenity Air Freshener,Dec2004,1336
Egypt,United Kingdom,BrightBreeze Window Cleaner,Jan2004,521
Egypt,United Kingdom,BrightBreeze Window Cleaner,Feb2004,479
Egypt,United Kingdom,BrightBreeze Window Cleaner,Mar2004,502
Egypt,United Kingdom,BrightBreeze Window Cleaner,Apr2004,526
Egypt,United Kingdom,BrightBreeze Window Cleaner,May2004,643
Egypt,United Kingdom,BrightBreeze Window Cleaner,Jun2004,608
Egypt,United Kingdom,BrightBreeze Window Cleaner,Jul2004,495
Egypt,United Kingdom,BrightBreeze Window Cleaner,Aug2004,597
Egypt,United Kingdom,BrightBreeze Window Cleaner,Sep2004,545
Egypt,United Kingdom,BrightBreeze Window Cleaner,Oct2004,550
Egypt,United Kingdom,BrightBreeze Window Cleaner,Nov2004,507
Egypt,United Kingdom,BrightBreeze Window Cleaner,Dec2004,613
Egypt,United Kingdom,EasyWash Laundry Detergent for Delicates,Jan2004,939
Egypt,United Kingdom,EasyWash Laundry Detergent for Delicates,Feb2004,1287
Egypt,United Kingdom,EasyWash Laundry Detergent for Delicates,Mar2004,1282
Egypt,United Kingdom,EasyWash Laundry Detergent for Delicates,Apr2004,1459
Egypt,United Kingdom,EasyWash Laundry Detergent for Delicates,May2004,1369
Egypt,United Kingdom,EasyWash Laundry Detergent for Delicates,Jun2004,1453
Egypt,United Kingdom,EasyWash Laundry Detergent for Delicates,Jul2004,1609
Egypt,United Kingdom,EasyWash Laundry Detergent for Delicates,Aug2004,346
Egypt,United Kingdom,EasyWash Laundry Detergent for Delicates,Sep2004,1505
Egypt,United Kingdom,EasyWash Laundry Detergent for Delicates,Oct2004,997
Egypt,United Kingdom,EasyWash Laundry Detergent for Delicates,Nov2004,1132
Egypt,United Kingdom,EasyWash Laundry Detergent for Delicates,Dec2004,1550
Egypt,United Kingdom,GentleGlow Pet Grooming Kit,Feb2004,527
Egypt,United Kingdom,GentleGlow Pet Grooming Kit,Mar2004,524
Egypt,United Kingdom,GentleGlow Pet Grooming Kit,Apr2004,584
Egypt,United Kingdom,GentleGlow Pet Grooming Kit,May2004,541
Egypt,United Kingdom,GentleGlow Pet Grooming Kit,Jun2004,527
Egypt,United Kingdom,GentleGlow Pet Grooming Kit,Jul2004,568
Egypt,United Kingdom,GentleGlow Pet Grooming Kit,Sep2004,562
Egypt,United Kingdom,GentleGlow Pet Grooming Kit,Nov2004,559
Egypt,United Kingdom,GentleGlow Pet Grooming Kit,Dec2004,512
Egypt,United Kingdom,CalmingClean Dog Brush,Jan2004,738
Egypt,United Kingdom,CalmingClean Dog Brush,Feb2004,723
Egypt,United Kingdom,CalmingClean Dog Brush,Mar2004,850
Egypt,United Kingdom,CalmingClean Dog Brush,Apr2004,709
Egypt,United Kingdom,CalmingClean Dog Brush,May2004,684
Egypt,United Kingdom,CalmingClean Dog Brush,Jun2004,734
Egypt,United Kingdom,CalmingClean Dog Brush,Jul2004,701
Egypt,United Kingdom,CalmingClean Dog Brush,Aug2004,709
Egypt,United Kingdom,CalmingClean Dog Brush,Sep2004,739
Egypt,United Kingdom,CalmingClean Dog Brush,Oct2004,694
Egypt,United Kingdom,CalmingClean Dog Brush,Nov2004,730
Egypt,United Kingdom,CalmingClean Dog Brush,Dec2004,681
Egypt,Russia,SilkySkin Baby Moisturizer,Apr2004,198
Egypt,Russia,SilkySkin Baby Moisturizer,Jun2004,22
Egypt,Russia,SilkySkin Baby Moisturizer,Jul2004,580
Egypt,Russia,BrightBreeze Window Cleaner,Jan2004,1961
Egypt,Russia,BrightBreeze Window Cleaner,Feb2004,2023
Egypt,Russia,BrightBreeze Window Cleaner,Mar2004,1846
Egypt,Russia,BrightBreeze Window Cleaner,Apr2004,1962
Egypt,Russia,BrightBreeze Window Cleaner,May2004,2079
Egypt,Russia,BrightBreeze Window Cleaner,Jun2004,1928
Egypt,Russia,BrightBreeze Window Cleaner,Jul2004,1881
Egypt,Russia,BrightBreeze Window Cleaner,Aug2004,1761
Egypt,Russia,BrightBreeze Window Cleaner,Sep2004,1971
Egypt,Russia,BrightBreeze Window Cleaner,Oct2004,2057
Egypt,Russia,BrightBreeze Window Cleaner,Nov2004,2008
Egypt,Russia,BrightBreeze Window Cleaner,Dec2004,1854
India,Japan,FreshStart Toothpaste,Jan2004,1471
India,Japan,FreshStart Toothpaste,Feb2004,1547
India,Japan,FreshStart Toothpaste,Mar2004,1527
India,Japan,FreshStart Toothpaste,Apr2004,1649
India,Japan,FreshStart Toothpaste,May2004,1664
India,Japan,FreshStart Toothpaste,Jun2004,1651
India,Japan,FreshStart Toothpaste,Jul2004,1484
India,Japan,FreshStart Toothpaste,Aug2004,1537
India,Japan,FreshStart Toothpaste,Sep2004,1624
India,Japan,FreshStart Toothpaste,Oct2004,1567
India,Japan,FreshStart Toothpaste,Nov2004,1638
India,Japan,FreshStart Toothpaste,Dec2004,1552
India,Japan,FreshFusion Mouth Rinse,Jan2004,810
India,Japan,FreshFusion Mouth Rinse,Feb2004,713
India,Japan,FreshFusion Mouth Rinse,Mar2004,818
India,Japan,FreshFusion Mouth Rinse,Apr2004,719
India,Japan,FreshFusion Mouth Rinse,May2004,809
India,Japan,FreshFusion Mouth Rinse,Jun2004,728
India,Japan,FreshFusion Mouth Rinse,Jul2004,797
India,Japan,FreshFusion Mouth Rinse,Aug2004,779
India,Japan,FreshFusion Mouth Rinse,Sep2004,775
India,Japan,FreshFusion Mouth Rinse,Oct2004,799
India,Japan,FreshFusion Mouth Rinse,Nov2004,747
India,Japan,FreshFusion Mouth Rinse,Dec2004,803
India,Japan,OralEase Plus Toothbrush,Jan2004,555
India,Japan,OralEase Plus Toothbrush,Feb2004,588
India,Japan,OralEase Plus Toothbrush,Mar2004,586
India,Japan,OralEase Plus Toothbrush,Apr2004,596
India,Japan,OralEase Plus Toothbrush,May2004,576
India,Japan,OralEase Plus Toothbrush,Jun2004,603
India,Japan,OralEase Plus Toothbrush,Jul2004,534
India,Japan,OralEase Plus Toothbrush,Aug2004,573
India,Japan,OralEase Plus Toothbrush,Sep2004,548
India,Japan,OralEase Plus Toothbrush,Oct2004,614
India,Japan,OralEase Plus Toothbrush,Nov2004,574
India,Japan,OralEase Plus Toothbrush,Dec2004,565
India,Japan,FreshFix Mouthwash,Jan2004,1348
India,Japan,FreshFix Mouthwash,Feb2004,1410
India,Japan,FreshFix Mouthwash,Mar2004,1322
India,Japan,FreshFix Mouthwash,Apr2004,1425
India,Japan,FreshFix Mouthwash,May2004,1461
India,Japan,FreshFix Mouthwash,Jun2004,1475
India,Japan,FreshFix Mouthwash,Jul2004,1472
India,Japan,FreshFix Mouthwash,Aug2004,1316
India,Japan,FreshFix Mouthwash,Sep2004,1404
India,Japan,FreshFix Mouthwash,Oct2004,1346
India,Japan,FreshFix Mouthwash,Nov2004,1442
India,Japan,FreshFix Mouthwash,Dec2004,1504
India,Japan,SparklingGlow Toothpaste,Jan2004,1893
India,Japan,SparklingGlow Toothpaste,Feb2004,1903
India,Japan,SparklingGlow Toothpaste,Mar2004,1760
India,Japan,SparklingGlow Toothpaste,Apr2004,1733
India,Japan,SparklingGlow Toothpaste,May2004,1957
India,Japan,SparklingGlow Toothpaste,Jun2004,1837
India,Japan,SparklingGlow Toothpaste,Jul2004,2021
India,Japan,SparklingGlow Toothpaste,Aug2004,1832
India,Japan,SparklingGlow Toothpaste,Sep2004,1894
India,Japan,SparklingGlow Toothpaste,Oct2004,1843
India,Japan,SparklingGlow Toothpaste,Nov2004,2029
India,Japan,SparklingGlow Toothpaste,Dec2004,1925
India,Japan,SoftStep Shaving Cream,May2004,267
India,Japan,SoftStep Shaving Cream,Jul2004,382
India,Japan,CleanSkin Acne Treatment,Jan2004,1398
India,Japan,CleanSkin Acne Treatment,Feb2004,1291
India,Japan,CleanSkin Acne Treatment,Mar2004,1379
India,Japan,CleanSkin Acne Treatment,Apr2004,1295
India,Japan,CleanSkin Acne Treatment,May2004,1275
India,Japan,CleanSkin Acne Treatment,Jun2004,1375
India,Japan,CleanSkin Acne Treatment,Jul2004,1364
India,Japan,CleanSkin Acne Treatment,Aug2004,1300
India,Japan,CleanSkin Acne Treatment,Sep2004,1279
India,Japan,CleanSkin Acne Treatment,Oct2004,1346
India,Japan,CleanSkin Acne Treatment,Nov2004,1391
India,Japan,CleanSkin Acne Treatment,Dec2004,1415
India,Japan,SunShield SPF 50 Lotion,Jan2004,1830
India,Japan,SunShield SPF 50 Lotion,Feb2004,1825
India,Japan,SunShield SPF 50 Lotion,Mar2004,1859
India,Japan,SunShield SPF 50 Lotion,Apr2004,1775
India,Japan,SunShield SPF 50 Lotion,May2004,1985
India,Japan,SunShield SPF 50 Lotion,Jun2004,1912
India,Japan,SunShield SPF 50 Lotion,Jul2004,1926
India,Japan,SunShield SPF 50 Lotion,Aug2004,1756
India,Japan,SunShield SPF 50 Lotion,Sep2004,1881
India,Japan,SunShield SPF 50 Lotion,Oct2004,1826
India,Japan,SunShield SPF 50 Lotion,Nov2004,1873
India,Japan,SunShield SPF 50 Lotion,Dec2004,1857
India,Japan,Calming Creme Relaxant Bath,Jan2004,838
India,Japan,Calming Creme Relaxant Bath,Feb2004,900
India,Japan,Calming Creme Relaxant Bath,Mar2004,958
India,Japan,Calming Creme Relaxant Bath,Apr2004,909
India,Japan,Calming Creme Relaxant Bath,May2004,878
India,Japan,Calming Creme Relaxant Bath,Jun2004,826
India,Japan,Calming Creme Relaxant Bath,Jul2004,827
India,Japan,Calming Creme Relaxant Bath,Aug2004,886
India,Japan,Calming Creme Relaxant Bath,Sep2004,898
India,Japan,Calming Creme Relaxant Bath,Oct2004,862
India,Japan,Calming Creme Relaxant Bath,Nov2004,902
India,Japan,Calming Creme Relaxant Bath,Dec2004,773
India,Japan,RadiantRose Face Mask,Jan2004,641
India,Japan,RadiantRose Face Mask,Feb2004,592
India,Japan,RadiantRose Face Mask,Mar2004,621
India,Japan,RadiantRose Face Mask,Apr2004,646
India,Japan,RadiantRose Face Mask,May2004,639
India,Japan,RadiantRose Face Mask,Jun2004,638
India,Japan,RadiantRose Face Mask,Jul2004,615
India,Japan,RadiantRose Face Mask,Aug2004,608
India,Japan,RadiantRose Face Mask,Sep2004,581
India,Japan,RadiantRose Face Mask,Oct2004,625
India,Japan,RadiantRose Face Mask,Nov2004,657
India,Japan,RadiantRose Face Mask,Dec2004,568
India,Japan,MorningMist Deodorant,Jan2004,1315
India,Japan,MorningMist Deodorant,Feb2004,1326
India,Japan,MorningMist Deodorant,Mar2004,1355
India,Japan,MorningMist Deodorant,Apr2004,1398
India,Japan,MorningMist Deodorant,May2004,1465
India,Japan,MorningMist Deodorant,Jun2004,1358
India,Japan,MorningMist Deodorant,Jul2004,1411
India,Japan,MorningMist Deodorant,Aug2004,1466
India,Japan,MorningMist Deodorant,Sep2004,1351
India,Japan,MorningMist Deodorant,Oct2004,1247
India,Japan,MorningMist Deodorant,Nov2004,1405
India,Japan,MorningMist Deodorant,Dec2004,1331
India,Japan,CleanSlate Stain Remover,Jan2004,1380
India,Japan,CleanSlate Stain Remover,Feb2004,1396
India,Japan,CleanSlate Stain Remover,Mar2004,1388
India,Japan,CleanSlate Stain Remover,Apr2004,1338
India,Japan,CleanSlate Stain Remover,May2004,1314
India,Japan,CleanSlate Stain Remover,Jun2004,1424
India,Japan,CleanSlate Stain Remover,Jul2004,1332
India,Japan,CleanSlate Stain Remover,Aug2004,1372
India,Japan,CleanSlate Stain Remover,Sep2004,1345
India,Japan,CleanSlate Stain Remover,Oct2004,1304
India,Japan,CleanSlate Stain Remover,Nov2004,1332
India,Japan,CleanSlate Stain Remover,Dec2004,1181
India,Japan,SoothingSerenity Baby Oil,Jan2004,1127
India,Japan,SoothingSerenity Baby Oil,Feb2004,1256
India,Japan,SoothingSerenity Baby Oil,Mar2004,1152
India,Japan,SoothingSerenity Baby Oil,Apr2004,1174
India,Japan,SoothingSerenity Baby Oil,May2004,1289
India,Japan,SoothingSerenity Baby Oil,Jun2004,1205
India,Japan,SoothingSerenity Baby Oil,Jul2004,1225
India,Japan,SoothingSerenity Baby Oil,Aug2004,1154
India,Japan,SoothingSerenity Baby Oil,Sep2004,1125
India,Japan,SoothingSerenity Baby Oil,Oct2004,1187
India,Japan,SoothingSerenity Baby Oil,Nov2004,1149
India,Japan,SoothingSerenity Baby Oil,Dec2004,1177
India,Japan,BrightBreeze Insect Repellent,Jan2004,651
India,Japan,BrightBreeze Insect Repellent,Feb2004,627
India,Japan,BrightBreeze Insect Repellent,Mar2004,604
India,Japan,BrightBreeze Insect Repellent,Apr2004,645
India,Japan,BrightBreeze Insect Repellent,May2004,588
India,Japan,BrightBreeze Insect Repellent,Jun2004,635
India,Japan,BrightBreeze Insect Repellent,Jul2004,594
India,Japan,BrightBreeze Insect Repellent,Aug2004,590
India,Japan,BrightBreeze Insect Repellent,Sep2004,605
India,Japan,BrightBreeze Insect Repellent,Oct2004,609
India,Japan,BrightBreeze Insect Repellent,Nov2004,626
India,Japan,BrightBreeze Insect Repellent,Dec2004,589
India,Japan,SoftStep Baby Shampoo,Jan2004,785
India,Japan,SoftStep Baby Shampoo,Feb2004,828
India,Japan,SoftStep Baby Shampoo,Mar2004,769
India,Japan,SoftStep Baby Shampoo,Apr2004,772
India,Japan,SoftStep Baby Shampoo,May2004,755
India,Japan,SoftStep Baby Shampoo,Jun2004,822
India,Japan,SoftStep Baby Shampoo,Jul2004,739
India,Japan,SoftStep Baby Shampoo,Aug2004,756
India,Japan,SoftStep Baby Shampoo,Sep2004,806
India,Japan,SoftStep Baby Shampoo,Oct2004,779
India,Japan,SoftStep Baby Shampoo,Nov2004,752
India,Japan,SoftStep Baby Shampoo,Dec2004,812
India,Japan,EasyWash Laundry Detergent for Babies,Jan2004,791
India,Japan,EasyWash Laundry Detergent for Babies,Feb2004,750
India,Japan,EasyWash Laundry Detergent for Babies,Mar2004,759
India,Japan,EasyWash Laundry Detergent for Babies,Apr2004,744
India,Japan,EasyWash Laundry Detergent for Babies,May2004,715
India,Japan,EasyWash Laundry Detergent for Babies,Jun2004,806
India,Japan,EasyWash Laundry Detergent for Babies,Jul2004,884
India,Japan,EasyWash Laundry Detergent for Babies,Aug2004,764
India,Japan,EasyWash Laundry Detergent for Babies,Sep2004,823
India,Japan,EasyWash Laundry Detergent for Babies,Oct2004,780
India,Japan,EasyWash Laundry Detergent for Babies,Nov2004,782
India,Japan,EasyWash Laundry Detergent for Babies,Dec2004,815
India,Japan,FreshFusion Baby Wipes,Jan2004,723
India,Japan,FreshFusion Baby Wipes,Feb2004,649
India,Japan,FreshFusion Baby Wipes,Mar2004,710
India,Japan,FreshFusion Baby Wipes,Apr2004,397
India,Japan,FreshFusion Baby Wipes,May2004,688
India,Japan,FreshFusion Baby Wipes,Jun2004,656
India,Japan,FreshFusion Baby Wipes,Jul2004,400
India,Japan,FreshFusion Baby Wipes,Aug2004,677
India,Japan,FreshFusion Baby Wipes,Oct2004,678
India,Japan,FreshFusion Baby Wipes,Nov2004,683
India,Japan,FreshFusion Baby Wipes,Dec2004,403
India,Japan,BrightBreeze Baby Sunscreen Stick,Jan2004,1263
India,Japan,BrightBreeze Baby Sunscreen Stick,Feb2004,1233
India,Japan,BrightBreeze Baby Sunscreen Stick,Mar2004,1263
India,Japan,BrightBreeze Baby Sunscreen Stick,Apr2004,1174
India,Japan,BrightBreeze Baby Sunscreen Stick,May2004,1206
India,Japan,BrightBreeze Baby Sunscreen Stick,Jun2004,1348
India,Japan,BrightBreeze Baby Sunscreen Stick,Jul2004,1293
India,Japan,BrightBreeze Baby Sunscreen Stick,Aug2004,1221
India,Japan,BrightBreeze Baby Sunscreen Stick,Sep2004,1338
India,Japan,BrightBreeze Baby Sunscreen Stick,Oct2004,1221
India,Japan,BrightBreeze Baby Sunscreen Stick,Nov2004,1237
India,Japan,BrightBreeze Baby Sunscreen Stick,Dec2004,1250
India,Japan,SoftStep Shaving Cream for Women,Jan2004,1200
India,Japan,SoftStep Shaving Cream for Women,Feb2004,1074
India,Japan,SoftStep Shaving Cream for Women,Mar2004,1289
India,Japan,SoftStep Shaving Cream for Women,Apr2004,1348
India,Japan,SoftStep Shaving Cream for Women,May2004,1064
India,Japan,SoftStep Shaving Cream for Women,Jun2004,1493
India,Japan,SoftStep Shaving Cream for Women,Jul2004,1243
India,Japan,SoftStep Shaving Cream for Women,Aug2004,1169
India,Japan,SoftStep Shaving Cream for Women,Sep2004,1325
India,Japan,SoftStep Shaving Cream for Women,Oct2004,1374
India,Japan,SoftStep Shaving Cream for Women,Nov2004,1065
India,Japan,SoftStep Shaving Cream for Women,Dec2004,1388
India,Japan,FreshFusion All-Purpose Cleaner,Jan2004,1869
India,Japan,FreshFusion All-Purpose Cleaner,Feb2004,2045
India,Japan,FreshFusion All-Purpose Cleaner,Mar2004,1920
India,Japan,FreshFusion All-Purpose Cleaner,Apr2004,2049
India,Japan,FreshFusion All-Purpose Cleaner,May2004,1992
India,Japan,FreshFusion All-Purpose Cleaner,Jun2004,1783
India,Japan,FreshFusion All-Purpose Cleaner,Jul2004,2011
India,Japan,FreshFusion All-Purpose Cleaner,Aug2004,1852
India,Japan,FreshFusion All-Purpose Cleaner,Sep2004,2042
India,Japan,FreshFusion All-Purpose Cleaner,Oct2004,2015
India,Japan,FreshFusion All-Purpose Cleaner,Nov2004,1920
India,Japan,FreshFusion All-Purpose Cleaner,Dec2004,1882
India,Japan,GentleGlow Dish Soap,Jan2004,679
India,Japan,GentleGlow Dish Soap,Feb2004,654
India,Japan,GentleGlow Dish Soap,Mar2004,683
India,Japan,GentleGlow Dish Soap,Apr2004,714
India,Japan,GentleGlow Dish Soap,May2004,713
India,Japan,GentleGlow Dish Soap,Jun2004,706
India,Japan,GentleGlow Dish Soap,Jul2004,710
India,Japan,GentleGlow Dish Soap,Aug2004,764
India,Japan,GentleGlow Dish Soap,Sep2004,651
India,Japan,GentleGlow Dish Soap,Oct2004,718
India,Japan,GentleGlow Dish Soap,Nov2004,746
India,Japan,GentleGlow Dish Soap,Dec2004,637
India,Japan,RadiantRose Glass Cleaner,Jan2004,530
India,Japan,RadiantRose Glass Cleaner,Feb2004,437
India,Japan,RadiantRose Glass Cleaner,Mar2004,407
India,Japan,RadiantRose Glass Cleaner,Apr2004,462
India,Japan,RadiantRose Glass Cleaner,May2004,709
India,Japan,RadiantRose Glass Cleaner,Jun2004,712
India,Japan,RadiantRose Glass Cleaner,Jul2004,706
India,Japan,RadiantRose Glass Cleaner,Aug2004,212
India,Japan,RadiantRose Glass Cleaner,Sep2004,657
India,Japan,RadiantRose Glass Cleaner,Oct2004,402
India,Japan,RadiantRose Glass Cleaner,Nov2004,304
India,Japan,RadiantRose Glass Cleaner,Dec2004,618
India,Japan,PurePore Insect Repellent Spray,Jan2004,1128
India,Japan,PurePore Insect Repellent Spray,Feb2004,1103
India,Japan,PurePore Insect Repellent Spray,Mar2004,1139
India,Japan,PurePore Insect Repellent Spray,Apr2004,1045
India,Japan,PurePore Insect Repellent Spray,May2004,1127
India,Japan,PurePore Insect Repellent Spray,Jun2004,1089
India,Japan,PurePore Insect Repellent Spray,Jul2004,1035
India,Japan,PurePore Insect Repellent Spray,Aug2004,1139
India,Japan,PurePore Insect Repellent Spray,Sep2004,1081
India,Japan,PurePore Insect Repellent Spray,Oct2004,1177
India,Japan,PurePore Insect Repellent Spray,Nov2004,1116
India,Japan,PurePore Insect Repellent Spray,Dec2004,1163
India,Japan,GentleGlow Pet Grooming Kit,Jan2004,352
India,Japan,GentleGlow Pet Grooming Kit,Feb2004,390
India,Japan,GentleGlow Pet Grooming Kit,Mar2004,356
India,Japan,GentleGlow Pet Grooming Kit,Apr2004,309
India,Japan,GentleGlow Pet Grooming Kit,May2004,379
India,Japan,GentleGlow Pet Grooming Kit,Jun2004,410
India,Japan,GentleGlow Pet Grooming Kit,Jul2004,394
India,Japan,GentleGlow Pet Grooming Kit,Aug2004,382
India,Japan,GentleGlow Pet Grooming Kit,Sep2004,430
India,Japan,GentleGlow Pet Grooming Kit,Oct2004,330
India,Japan,GentleGlow Pet Grooming Kit,Nov2004,364
India,Japan,GentleGlow Pet Grooming Kit,Dec2004,395
India,Japan,BrightBreeze Pet Odor Eliminator,Jan2004,568
India,Japan,BrightBreeze Pet Odor Eliminator,Feb2004,559
India,Japan,BrightBreeze Pet Odor Eliminator,Mar2004,589
India,Japan,BrightBreeze Pet Odor Eliminator,Apr2004,601
India,Japan,BrightBreeze Pet Odor Eliminator,May2004,585
India,Japan,BrightBreeze Pet Odor Eliminator,Jun2004,554
India,Japan,BrightBreeze Pet Odor Eliminator,Jul2004,601
India,Japan,BrightBreeze Pet Odor Eliminator,Aug2004,583
India,Japan,BrightBreeze Pet Odor Eliminator,Sep2004,547
India,Japan,BrightBreeze Pet Odor Eliminator,Oct2004,572
India,Japan,BrightBreeze Pet Odor Eliminator,Nov2004,570
India,Japan,BrightBreeze Pet Odor Eliminator,Dec2004,628
India,Japan,SmellSational Pet Deodorizer,Jan2004,619
India,Japan,SmellSational Pet Deodorizer,Feb2004,611
India,Japan,SmellSational Pet Deodorizer,Mar2004,642
India,Japan,SmellSational Pet Deodorizer,Apr2004,526
India,Japan,SmellSational Pet Deodorizer,May2004,591
India,Japan,SmellSational Pet Deodorizer,Jun2004,607
India,Japan,SmellSational Pet Deodorizer,Jul2004,547
India,Japan,SmellSational Pet Deodorizer,Aug2004,601
India,Japan,SmellSational Pet Deodorizer,Sep2004,649
India,Japan,SmellSational Pet Deodorizer,Oct2004,567
India,Japan,SmellSational Pet Deodorizer,Nov2004,594
India,Japan,SmellSational Pet Deodorizer,Dec2004,548
India,Italy,EasyWash Laundry Detergent for Babies,Nov2004,70
India,United Kingdom,FreshStart Toothpaste,Jan2004,921
India,United Kingdom,FreshStart Toothpaste,Feb2004,948
India,United Kingdom,FreshStart Toothpaste,Mar2004,885
India,United Kingdom,FreshStart Toothpaste,Apr2004,850
India,United Kingdom,FreshStart Toothpaste,May2004,878
India,United Kingdom,FreshStart Toothpaste,Jun2004,918
India,United Kingdom,FreshStart Toothpaste,Jul2004,807
India,United Kingdom,FreshStart Toothpaste,Aug2004,830
India,United Kingdom,FreshStart Toothpaste,Sep2004,855
India,United Kingdom,FreshStart Toothpaste,Oct2004,874
India,United Kingdom,FreshStart Toothpaste,Nov2004,949
India,United Kingdom,FreshStart Toothpaste,Dec2004,811
India,United Kingdom,SparklingSmile Water Flosser,Jan2004,1258
India,United Kingdom,SparklingSmile Water Flosser,Feb2004,1270
India,United Kingdom,SparklingSmile Water Flosser,Mar2004,1299
India,United Kingdom,SparklingSmile Water Flosser,Apr2004,1248
India,United Kingdom,SparklingSmile Water Flosser,May2004,1187
India,United Kingdom,SparklingSmile Water Flosser,Jun2004,1304
India,United Kingdom,SparklingSmile Water Flosser,Jul2004,1386
India,United Kingdom,SparklingSmile Water Flosser,Aug2004,1240
India,United Kingdom,SparklingSmile Water Flosser,Sep2004,1168
India,United Kingdom,SparklingSmile Water Flosser,Oct2004,1171
India,United Kingdom,SparklingSmile Water Flosser,Nov2004,1409
India,United Kingdom,SparklingSmile Water Flosser,Dec2004,1201
India,United Kingdom,FreshFusion Mouth Rinse,Jan2004,821
India,United Kingdom,FreshFusion Mouth Rinse,Feb2004,920
India,United Kingdom,FreshFusion Mouth Rinse,Mar2004,875
India,United Kingdom,FreshFusion Mouth Rinse,Apr2004,1024
India,United Kingdom,FreshFusion Mouth Rinse,May2004,930
India,United Kingdom,FreshFusion Mouth Rinse,Jun2004,1009
India,United Kingdom,FreshFusion Mouth Rinse,Jul2004,840
India,United Kingdom,FreshFusion Mouth Rinse,Aug2004,825
India,United Kingdom,FreshFusion Mouth Rinse,Sep2004,960
India,United Kingdom,FreshFusion Mouth Rinse,Oct2004,798
India,United Kingdom,FreshFusion Mouth Rinse,Nov2004,873
India,United Kingdom,FreshFusion Mouth Rinse,Dec2004,937
India,United Kingdom,SmileSavvy Tooth Whitening Kit,Jan2004,511
India,United Kingdom,SmileSavvy Tooth Whitening Kit,Feb2004,516
India,United Kingdom,SmileSavvy Tooth Whitening Kit,Mar2004,548
India,United Kingdom,SmileSavvy Tooth Whitening Kit,Apr2004,511
India,United Kingdom,SmileSavvy Tooth Whitening Kit,May2004,551
India,United Kingdom,SmileSavvy Tooth Whitening Kit,Jun2004,512
India,United Kingdom,SmileSavvy Tooth Whitening Kit,Jul2004,529
India,United Kingdom,SmileSavvy Tooth Whitening Kit,Aug2004,537
India,United Kingdom,SmileSavvy Tooth Whitening Kit,Sep2004,505
India,United Kingdom,SmileSavvy Tooth Whitening Kit,Oct2004,533
India,United Kingdom,SmileSavvy Tooth Whitening Kit,Nov2004,552
India,United Kingdom,SmileSavvy Tooth Whitening Kit,Dec2004,517
India,United Kingdom,MorningBreeze Gum Care,Jan2004,680
India,United Kingdom,MorningBreeze Gum Care,Feb2004,720
India,United Kingdom,MorningBreeze Gum Care,Mar2004,707
India,United Kingdom,MorningBreeze Gum Care,Apr2004,629
India,United Kingdom,MorningBreeze Gum Care,May2004,670
India,United Kingdom,MorningBreeze Gum Care,Jun2004,599
India,United Kingdom,MorningBreeze Gum Care,Jul2004,647
India,United Kingdom,MorningBreeze Gum Care,Aug2004,681
India,United Kingdom,MorningBreeze Gum Care,Sep2004,698
India,United Kingdom,MorningBreeze Gum Care,Oct2004,628
India,United Kingdom,MorningBreeze Gum Care,Nov2004,675
India,United Kingdom,MorningBreeze Gum Care,Dec2004,669
India,United Kingdom,FreshFix Mouthwash,Sep2004,158
India,United Kingdom,SoftStep Shaving Cream,Jan2004,1533
India,United Kingdom,SoftStep Shaving Cream,Feb2004,1328
India,United Kingdom,SoftStep Shaving Cream,Mar2004,1455
India,United Kingdom,SoftStep Shaving Cream,Apr2004,1308
India,United Kingdom,SoftStep Shaving Cream,May2004,790
India,United Kingdom,SoftStep Shaving Cream,Jun2004,872
India,United Kingdom,SoftStep Shaving Cream,Jul2004,1110
India,United Kingdom,SoftStep Shaving Cream,Aug2004,1618
India,United Kingdom,SoftStep Shaving Cream,Sep2004,1717
India,United Kingdom,SoftStep Shaving Cream,Oct2004,1698
India,United Kingdom,SoftStep Shaving Cream,Nov2004,1003
India,United Kingdom,SoftStep Shaving Cream,Dec2004,575
India,United Kingdom,MorningMist Deodorant,Jan2004,1362
India,United Kingdom,MorningMist Deodorant,Feb2004,1406
India,United Kingdom,MorningMist Deodorant,Mar2004,1462
India,United Kingdom,MorningMist Deodorant,Apr2004,1471
India,United Kingdom,MorningMist Deodorant,May2004,1502
India,United Kingdom,MorningMist Deodorant,Jun2004,1493
India,United Kingdom,MorningMist Deodorant,Jul2004,1314
India,United Kingdom,MorningMist Deodorant,Aug2004,1438
India,United Kingdom,MorningMist Deodorant,Sep2004,1467
India,United Kingdom,MorningMist Deodorant,Oct2004,1514
India,United Kingdom,MorningMist Deodorant,Nov2004,1383
India,United Kingdom,MorningMist Deodorant,Dec2004,1511
India,United Kingdom,Hydrating Honey Body Lotion,Jan2004,1772
India,United Kingdom,Hydrating Honey Body Lotion,Feb2004,1879
India,United Kingdom,Hydrating Honey Body Lotion,Mar2004,1957
India,United Kingdom,Hydrating Honey Body Lotion,Apr2004,1764
India,United Kingdom,Hydrating Honey Body Lotion,May2004,1996
India,United Kingdom,Hydrating Honey Body Lotion,Jun2004,1922
India,United Kingdom,Hydrating Honey Body Lotion,Jul2004,1846
India,United Kingdom,Hydrating Honey Body Lotion,Aug2004,1815
India,United Kingdom,Hydrating Honey Body Lotion,Sep2004,1798
India,United Kingdom,Hydrating Honey Body Lotion,Oct2004,1868
India,United Kingdom,Hydrating Honey Body Lotion,Nov2004,1827
India,United Kingdom,Hydrating Honey Body Lotion,Dec2004,1782
India,United Kingdom,SoothingSerenity Baby Oil,Jan2004,214
India,United Kingdom,SoothingSerenity Baby Oil,Feb2004,247
India,United Kingdom,SoothingSerenity Baby Oil,Mar2004,242
India,United Kingdom,SoothingSerenity Baby Oil,Apr2004,226
India,United Kingdom,SoothingSerenity Baby Oil,May2004,217
India,United Kingdom,SoothingSerenity Baby Oil,Jun2004,238
India,United Kingdom,SoothingSerenity Baby Oil,Jul2004,217
India,United Kingdom,SoothingSerenity Baby Oil,Aug2004,221
India,United Kingdom,SoothingSerenity Baby Oil,Sep2004,235
India,United Kingdom,SoothingSerenity Baby Oil,Oct2004,223
India,United Kingdom,SoothingSerenity Baby Oil,Nov2004,213
India,United Kingdom,SoothingSerenity Baby Oil,Dec2004,229
India,United Kingdom,FreshFusion Diaper Rash Remedy,Jan2004,1794
India,United Kingdom,FreshFusion Diaper Rash Remedy,Feb2004,1767
India,United Kingdom,FreshFusion Diaper Rash Remedy,Mar2004,1751
India,United Kingdom,FreshFusion Diaper Rash Remedy,Apr2004,1940
India,United Kingdom,FreshFusion Diaper Rash Remedy,May2004,1778
India,United Kingdom,FreshFusion Diaper Rash Remedy,Jun2004,1863
India,United Kingdom,FreshFusion Diaper Rash Remedy,Jul2004,1781
India,United Kingdom,FreshFusion Diaper Rash Remedy,Aug2004,1867
India,United Kingdom,FreshFusion Diaper Rash Remedy,Sep2004,1857
India,United Kingdom,FreshFusion Diaper Rash Remedy,Oct2004,1858
India,United Kingdom,FreshFusion Diaper Rash Remedy,Nov2004,1809
India,United Kingdom,FreshFusion Diaper Rash Remedy,Dec2004,1891
India,United Kingdom,SilkySkin Baby Cream,Jan2004,1068
India,United Kingdom,SilkySkin Baby Cream,Feb2004,1091
India,United Kingdom,SilkySkin Baby Cream,Mar2004,982
India,United Kingdom,SilkySkin Baby Cream,Apr2004,1039
India,United Kingdom,SilkySkin Baby Cream,May2004,989
India,United Kingdom,SilkySkin Baby Cream,Jun2004,1080
India,United Kingdom,SilkySkin Baby Cream,Jul2004,1030
India,United Kingdom,SilkySkin Baby Cream,Aug2004,1092
India,United Kingdom,SilkySkin Baby Cream,Sep2004,1007
India,United Kingdom,SilkySkin Baby Cream,Oct2004,1144
India,United Kingdom,SilkySkin Baby Cream,Nov2004,983
India,United Kingdom,SilkySkin Baby Cream,Dec2004,1108
India,United Kingdom,EasyWash Laundry Detergent for Babies,Jan2004,844
India,United Kingdom,EasyWash Laundry Detergent for Babies,Feb2004,882
India,United Kingdom,EasyWash Laundry Detergent for Babies,Mar2004,924
India,United Kingdom,EasyWash Laundry Detergent for Babies,Apr2004,954
India,United Kingdom,EasyWash Laundry Detergent for Babies,May2004,904
India,United Kingdom,EasyWash Laundry Detergent for Babies,Jun2004,946
India,United Kingdom,EasyWash Laundry Detergent for Babies,Jul2004,913
India,United Kingdom,EasyWash Laundry Detergent for Babies,Aug2004,897
India,United Kingdom,EasyWash Laundry Detergent for Babies,Sep2004,869
India,United Kingdom,EasyWash Laundry Detergent for Babies,Oct2004,950
India,United Kingdom,EasyWash Laundry Detergent for Babies,Nov2004,874
India,United Kingdom,EasyWash Laundry Detergent for Babies,Dec2004,807
India,United Kingdom,SoftStep Shaving Cream for Women,Jan2004,1793
India,United Kingdom,SoftStep Shaving Cream for Women,Feb2004,1797
India,United Kingdom,SoftStep Shaving Cream for Women,Mar2004,1712
India,United Kingdom,SoftStep Shaving Cream for Women,Apr2004,1819
India,United Kingdom,SoftStep Shaving Cream for Women,May2004,1748
India,United Kingdom,SoftStep Shaving Cream for Women,Jun2004,1868
India,United Kingdom,SoftStep Shaving Cream for Women,Jul2004,1761
India,United Kingdom,SoftStep Shaving Cream for Women,Aug2004,1693
India,United Kingdom,SoftStep Shaving Cream for Women,Sep2004,1629
India,United Kingdom,SoftStep Shaving Cream for Women,Oct2004,1671
India,United Kingdom,SoftStep Shaving Cream for Women,Nov2004,1920
India,United Kingdom,SoftStep Shaving Cream for Women,Dec2004,1884
India,United Kingdom,CleanSlate Disinfectant Spray,Jan2004,760
India,United Kingdom,CleanSlate Disinfectant Spray,Feb2004,724
India,United Kingdom,CleanSlate Disinfectant Spray,Mar2004,730
India,United Kingdom,CleanSlate Disinfectant Spray,Apr2004,793
India,United Kingdom,CleanSlate Disinfectant Spray,May2004,724
India,United Kingdom,CleanSlate Disinfectant Spray,Jun2004,779
India,United Kingdom,CleanSlate Disinfectant Spray,Jul2004,739
India,United Kingdom,CleanSlate Disinfectant Spray,Aug2004,749
India,United Kingdom,CleanSlate Disinfectant Spray,Sep2004,800
India,United Kingdom,CleanSlate Disinfectant Spray,Oct2004,713
India,United Kingdom,CleanSlate Disinfectant Spray,Nov2004,735
India,United Kingdom,CleanSlate Disinfectant Spray,Dec2004,796
India,United Kingdom,GentleGlow Dish Soap,Jan2004,1199
India,United Kingdom,GentleGlow Dish Soap,Feb2004,1254
India,United Kingdom,GentleGlow Dish Soap,Mar2004,1448
India,United Kingdom,GentleGlow Dish Soap,Apr2004,1333
India,United Kingdom,GentleGlow Dish Soap,May2004,1342
India,United Kingdom,GentleGlow Dish Soap,Jun2004,1203
India,United Kingdom,GentleGlow Dish Soap,Jul2004,1280
India,United Kingdom,GentleGlow Dish Soap,Aug2004,1228
India,United Kingdom,GentleGlow Dish Soap,Sep2004,1166
India,United Kingdom,GentleGlow Dish Soap,Oct2004,1178
India,United Kingdom,GentleGlow Dish Soap,Nov2004,1282
India,United Kingdom,GentleGlow Dish Soap,Dec2004,1434
India,United Kingdom,PurePaw Dog Shampoo,Jan2004,1675
India,United Kingdom,PurePaw Dog Shampoo,Feb2004,1722
India,United Kingdom,PurePaw Dog Shampoo,Mar2004,1667
India,United Kingdom,PurePaw Dog Shampoo,Apr2004,1769
India,United Kingdom,PurePaw Dog Shampoo,May2004,1781
India,United Kingdom,PurePaw Dog Shampoo,Jun2004,1820
India,United Kingdom,PurePaw Dog Shampoo,Jul2004,1747
India,United Kingdom,PurePaw Dog Shampoo,Aug2004,1706
India,United Kingdom,PurePaw Dog Shampoo,Sep2004,1813
India,United Kingdom,PurePaw Dog Shampoo,Oct2004,1656
India,United Kingdom,PurePaw Dog Shampoo,Nov2004,1652
India,United Kingdom,PurePaw Dog Shampoo,Dec2004,1669
India,United Kingdom,GentleGlow Pet Grooming Kit,Jan2004,574
India,United Kingdom,GentleGlow Pet Grooming Kit,Aug2004,485
India,United Kingdom,GentleGlow Pet Grooming Kit,Oct2004,595
Italy,Brazil,PurePore Toner,Jan2004,260
Italy,Brazil,PurePore Toner,Feb2004,778
Italy,Brazil,PurePore Toner,Mar2004,682
Italy,Brazil,PurePore Toner,Apr2004,816
Italy,Brazil,PurePore Toner,Jul2004,666
Italy,Brazil,PurePore Toner,Sep2004,370
Italy,Brazil,PurePore Toner,Oct2004,826
Italy,Brazil,PurePore Toner,Nov2004,844
Italy,Brazil,PurePore Toner,Dec2004,550
Italy,France,LuminousLip Care,Feb2004,267
Italy,France,LuminousLip Care,Mar2004,216
Italy,France,LuminousLip Care,Apr2004,204
Italy,France,LuminousLip Care,May2004,29
Italy,France,LuminousLip Care,Jul2004,231
Italy,France,LuminousLip Care,Aug2004,210
Italy,France,LuminousLip Care,Sep2004,136
Italy,France,LuminousLip Care,Oct2004,257
Italy,France,LuminousLip Care,Dec2004,72
Italy,France,BreathBliss Mints,Jan2004,1470
Italy,France,BreathBliss Mints,Feb2004,1484
Italy,France,BreathBliss Mints,Mar2004,1376
Italy,France,BreathBliss Mints,Apr2004,1489
Italy,France,BreathBliss Mints,May2004,1551
Italy,France,BreathBliss Mints,Jun2004,1497
Italy,France,BreathBliss Mints,Jul2004,1592
Italy,France,BreathBliss Mints,Aug2004,1515
Italy,France,BreathBliss Mints,Sep2004,1378
Italy,France,BreathBliss Mints,Oct2004,1434
Italy,France,BreathBliss Mints,Nov2004,1528
Italy,France,BreathBliss Mints,Dec2004,1461
Italy,France,Calming Creme Relaxant Bath,Feb2004,394
Italy,France,Calming Creme Relaxant Bath,Mar2004,309
Italy,France,Calming Creme Relaxant Bath,Jul2004,174
Italy,France,Calming Creme Relaxant Bath,Aug2004,827
Italy,France,Calming Creme Relaxant Bath,Oct2004,664
Italy,France,GentleGlow Face Cleanser,Jan2004,665
Italy,France,GentleGlow Face Cleanser,Feb2004,655
Italy,France,GentleGlow Face Cleanser,Mar2004,685
Italy,France,GentleGlow Face Cleanser,Apr2004,713
Italy,France,GentleGlow Face Cleanser,May2004,635
Italy,France,GentleGlow Face Cleanser,Jun2004,549
Italy,France,GentleGlow Face Cleanser,Jul2004,700
Italy,France,GentleGlow Face Cleanser,Aug2004,667
Italy,France,GentleGlow Face Cleanser,Sep2004,691
Italy,France,GentleGlow Face Cleanser,Oct2004,792
Italy,France,GentleGlow Face Cleanser,Nov2004,421
Italy,France,GentleGlow Face Cleanser,Dec2004,708
Italy,France,PurePore Toner,Jan2004,1606
Italy,France,PurePore Toner,Feb2004,1678
Italy,France,PurePore Toner,Mar2004,1677
Italy,France,PurePore Toner,Apr2004,1688
Italy,France,PurePore Toner,May2004,1708
Italy,France,PurePore Toner,Jun2004,1524
Italy,France,PurePore Toner,Jul2004,1671
Italy,France,PurePore Toner,Aug2004,1486
Italy,France,PurePore Toner,Sep2004,1593
Italy,France,PurePore Toner,Oct2004,1560
Italy,France,PurePore Toner,Nov2004,1616
Italy,France,PurePore Toner,Dec2004,1569
Italy,France,FreshFusion All-Purpose Cleaner,Aug2004,454
Italy,France,GentleGlow Dish Soap,Aug2004,450
Italy,France,PurePaw Dog Shampoo,Jan2004,603
Italy,France,PurePaw Dog Shampoo,Feb2004,682
Italy,France,PurePaw Dog Shampoo,Mar2004,655
Italy,France,PurePaw Dog Shampoo,Apr2004,694
Italy,France,PurePaw Dog Shampoo,May2004,638
Italy,France,PurePaw Dog Shampoo,Jun2004,680
Italy,France,PurePaw Dog Shampoo,Jul2004,583
Italy,France,PurePaw Dog Shampoo,Aug2004,596
Italy,France,PurePaw Dog Shampoo,Sep2004,615
Italy,France,PurePaw Dog Shampoo,Oct2004,630
Italy,France,PurePaw Dog Shampoo,Nov2004,660
Italy,France,PurePaw Dog Shampoo,Dec2004,666
Japan,France,GentleGlow Baby Sunscreen,Jan2004,1014
Japan,France,GentleGlow Baby Sunscreen,Feb2004,974
Japan,France,GentleGlow Baby Sunscreen,Mar2004,914
Japan,France,GentleGlow Baby Sunscreen,Apr2004,1023
Japan,France,GentleGlow Baby Sunscreen,May2004,1069
Japan,France,GentleGlow Baby Sunscreen,Jun2004,1039
Japan,France,GentleGlow Baby Sunscreen,Jul2004,965
Japan,France,GentleGlow Baby Sunscreen,Aug2004,1027
Japan,France,GentleGlow Baby Sunscreen,Sep2004,988
Japan,France,GentleGlow Baby Sunscreen,Oct2004,1010
Japan,France,GentleGlow Baby Sunscreen,Nov2004,1026
Japan,France,GentleGlow Baby Sunscreen,Dec2004,911
Japan,France,CalmingClean Diaper Rash Cream,Jan2004,1730
Japan,France,CalmingClean Diaper Rash Cream,Feb2004,1794
Japan,France,CalmingClean Diaper Rash Cream,Mar2004,1867
Japan,France,CalmingClean Diaper Rash Cream,Apr2004,1788
Japan,France,CalmingClean Diaper Rash Cream,May2004,1972
Japan,France,CalmingClean Diaper Rash Cream,Jun2004,1958
Japan,France,CalmingClean Diaper Rash Cream,Jul2004,1820
Japan,France,CalmingClean Diaper Rash Cream,Aug2004,1890
Japan,France,CalmingClean Diaper Rash Cream,Sep2004,1812
Japan,France,CalmingClean Diaper Rash Cream,Oct2004,1820
Japan,France,CalmingClean Diaper Rash Cream,Nov2004,1789
Japan,France,CalmingClean Diaper Rash Cream,Dec2004,1731
Russia,France,DentalDefense Toothpaste,Jan2004,848
Russia,France,DentalDefense Toothpaste,Feb2004,819
Russia,France,DentalDefense Toothpaste,Mar2004,769
Russia,France,DentalDefense Toothpaste,Apr2004,846
Russia,France,DentalDefense Toothpaste,May2004,859
Russia,France,DentalDefense Toothpaste,Jun2004,845
Russia,France,DentalDefense Toothpaste,Jul2004,760
Russia,France,DentalDefense Toothpaste,Aug2004,795
Russia,France,DentalDefense Toothpaste,Sep2004,821
Russia,France,DentalDefense Toothpaste,Oct2004,820
Russia,France,DentalDefense Toothpaste,Nov2004,871
Russia,France,DentalDefense Toothpaste,Dec2004,752
Russia,France,SmileSavvy Tooth Whitening Kit,Jan2004,1371
Russia,France,SmileSavvy Tooth Whitening Kit,Feb2004,1375
Russia,France,SmileSavvy Tooth Whitening Kit,Mar2004,1372
Russia,France,SmileSavvy Tooth Whitening Kit,Apr2004,1241
Russia,France,SmileSavvy Tooth Whitening Kit,May2004,1380
Russia,France,SmileSavvy Tooth Whitening Kit,Jun2004,1247
Russia,France,SmileSavvy Tooth Whitening Kit,Jul2004,1196
Russia,France,SmileSavvy Tooth Whitening Kit,Aug2004,1236
Russia,France,SmileSavvy Tooth Whitening Kit,Sep2004,1288
Russia,France,SmileSavvy Tooth Whitening Kit,Oct2004,1202
Russia,France,SmileSavvy Tooth Whitening Kit,Nov2004,1174
Russia,France,SmileSavvy Tooth Whitening Kit,Dec2004,1136
Russia,France,DailyDazzle Toothpaste,Jan2004,1183
Russia,France,DailyDazzle Toothpaste,Feb2004,1211
Russia,France,DailyDazzle Toothpaste,Mar2004,1053
Russia,France,DailyDazzle Toothpaste,Apr2004,1087
Russia,France,DailyDazzle Toothpaste,May2004,1195
Russia,France,DailyDazzle Toothpaste,Jun2004,1242
Russia,France,DailyDazzle Toothpaste,Jul2004,1121
Russia,France,DailyDazzle Toothpaste,Aug2004,1205
Russia,France,DailyDazzle Toothpaste,Sep2004,1142
Russia,France,DailyDazzle Toothpaste,Oct2004,1164
Russia,France,DailyDazzle Toothpaste,Nov2004,1082
Russia,France,DailyDazzle Toothpaste,Dec2004,1255
Russia,France,SunShield SPF 50 Lotion,Jan2004,162
Russia,France,SunShield SPF 50 Lotion,Feb2004,147
Russia,France,SunShield SPF 50 Lotion,Mar2004,166
Russia,France,SunShield SPF 50 Lotion,Apr2004,139
Russia,France,SunShield SPF 50 Lotion,May2004,151
Russia,France,SunShield SPF 50 Lotion,Jun2004,142
Russia,France,SunShield SPF 50 Lotion,Jul2004,186
Russia,France,SunShield SPF 50 Lotion,Aug2004,155
Russia,France,SunShield SPF 50 Lotion,Sep2004,145
Russia,France,SunShield SPF 50 Lotion,Oct2004,158
Russia,France,SunShield SPF 50 Lotion,Nov2004,144
Russia,France,SunShield SPF 50 Lotion,Dec2004,147
Russia,France,Calming Creme Relaxant Bath,Jan2004,309
Russia,France,Calming Creme Relaxant Bath,May2004,310
Russia,France,Calming Creme Relaxant Bath,Nov2004,219
Russia,France,Calming Creme Relaxant Bath,Dec2004,117
Russia,France,Hydrating Honey Body Lotion,Jan2004,1980
Russia,France,Hydrating Honey Body Lotion,Feb2004,1931
Russia,France,Hydrating Honey Body Lotion,Mar2004,1932
Russia,France,Hydrating Honey Body Lotion,Apr2004,2141
Russia,France,Hydrating Honey Body Lotion,May2004,2082
Russia,France,Hydrating Honey Body Lotion,Jun2004,1989
Russia,France,Hydrating Honey Body Lotion,Jul2004,1889
Russia,France,Hydrating Honey Body Lotion,Aug2004,2091
Russia,France,Hydrating Honey Body Lotion,Sep2004,2025
Russia,France,Hydrating Honey Body Lotion,Oct2004,1940
Russia,France,Hydrating Honey Body Lotion,Nov2004,1985
Russia,France,Hydrating Honey Body Lotion,Dec2004,1940
Russia,France,EasyWash Laundry Detergent,Feb2004,383
Russia,France,EasyWash Laundry Detergent,Mar2004,137
Russia,France,EasyWash Laundry Detergent,May2004,76
Russia,France,EasyWash Laundry Detergent,Aug2004,282
Russia,France,EasyWash Laundry Detergent,Sep2004,581
Russia,France,EasyWash Laundry Detergent,Oct2004,539
Russia,France,EasyWash Laundry Detergent,Nov2004,440
Russia,France,EasyWash Laundry Detergent,Dec2004,1011
Russia,France,BrightBreeze Insect Repellent,Jan2004,953
Russia,France,BrightBreeze Insect Repellent,Feb2004,918
Russia,France,BrightBreeze Insect Repellent,Mar2004,849
Russia,France,BrightBreeze Insect Repellent,Apr2004,896
Russia,France,BrightBreeze Insect Repellent,May2004,905
Russia,France,BrightBreeze Insect Repellent,Jun2004,938
Russia,France,BrightBreeze Insect Repellent,Jul2004,868
Russia,France,BrightBreeze Insect Repellent,Aug2004,832
Russia,France,BrightBreeze Insect Repellent,Sep2004,901
Russia,France,BrightBreeze Insect Repellent,Oct2004,793
Russia,France,BrightBreeze Insect Repellent,Nov2004,810
Russia,France,BrightBreeze Insect Repellent,Dec2004,886
Russia,France,PurePore Baby Skincare Set,Jan2004,538
Russia,France,PurePore Baby Skincare Set,Feb2004,516
Russia,France,PurePore Baby Skincare Set,Mar2004,557
Russia,France,PurePore Baby Skincare Set,Apr2004,461
Russia,France,PurePore Baby Skincare Set,May2004,530
Russia,France,PurePore Baby Skincare Set,Jun2004,551
Russia,France,PurePore Baby Skincare Set,Jul2004,524
Russia,France,PurePore Baby Skincare Set,Aug2004,483
Russia,France,PurePore Baby Skincare Set,Sep2004,514
Russia,France,PurePore Baby Skincare Set,Oct2004,526
Russia,France,PurePore Baby Skincare Set,Nov2004,569
Russia,France,PurePore Baby Skincare Set,Dec2004,505
South Africa,Japan,SkinSational Moisturizer,Jan2004,1141
South Africa,Japan,SkinSational Moisturizer,Feb2004,1055
South Africa,Japan,SkinSational Moisturizer,Mar2004,1130
South Africa,Japan,SkinSational Moisturizer,Apr2004,1180
South Africa,Japan,SkinSational Moisturizer,May2004,1081
South Africa,Japan,SkinSational Moisturizer,Jun2004,1129
South Africa,Japan,SkinSational Moisturizer,Jul2004,1088
South Africa,Japan,SkinSational Moisturizer,Aug2004,1053
South Africa,Japan,SkinSational Moisturizer,Sep2004,1079
South Africa,Japan,SkinSational Moisturizer,Oct2004,1074
South Africa,Japan,SkinSational Moisturizer,Nov2004,1052
South Africa,Japan,SkinSational Moisturizer,Dec2004,1124
South Africa,Japan,SmoothOperator Shaving Gel,Jan2004,1211
South Africa,Japan,SmoothOperator Shaving Gel,Feb2004,1069
South Africa,Japan,SmoothOperator Shaving Gel,Mar2004,1020
South Africa,Japan,SmoothOperator Shaving Gel,Apr2004,1106
South Africa,Japan,SmoothOperator Shaving Gel,May2004,1152
South Africa,Japan,SmoothOperator Shaving Gel,Jun2004,1143
South Africa,Japan,SmoothOperator Shaving Gel,Jul2004,1155
South Africa,Japan,SmoothOperator Shaving Gel,Aug2004,1061
South Africa,Japan,SmoothOperator Shaving Gel,Sep2004,1135
South Africa,Japan,SmoothOperator Shaving Gel,Oct2004,953
South Africa,Japan,SmoothOperator Shaving Gel,Nov2004,1065
South Africa,Japan,SmoothOperator Shaving Gel,Dec2004,1265
South Africa,Japan,EasyWash Laundry Detergent,Jan2004,529
South Africa,Japan,EasyWash Laundry Detergent,Feb2004,464
South Africa,Japan,EasyWash Laundry Detergent,Mar2004,554
South Africa,Japan,EasyWash Laundry Detergent,Apr2004,479
South Africa,Japan,EasyWash Laundry Detergent,May2004,503
South Africa,Japan,EasyWash Laundry Detergent,Jun2004,491
South Africa,Japan,EasyWash Laundry Detergent,Jul2004,491
South Africa,Japan,EasyWash Laundry Detergent,Aug2004,476
South Africa,Japan,EasyWash Laundry Detergent,Sep2004,465
South Africa,Japan,EasyWash Laundry Detergent,Oct2004,483
South Africa,Japan,EasyWash Laundry Detergent,Nov2004,497
South Africa,Japan,EasyWash Laundry Detergent,Dec2004,498
South Africa,Japan,SoothingSerenity Baby Rub,Jan2004,932
South Africa,Japan,SoothingSerenity Baby Rub,Feb2004,928
South Africa,Japan,SoothingSerenity Baby Rub,Mar2004,902
South Africa,Japan,SoothingSerenity Baby Rub,Apr2004,820
South Africa,Japan,SoothingSerenity Baby Rub,May2004,886
South Africa,Japan,SoothingSerenity Baby Rub,Jun2004,877
South Africa,Japan,SoothingSerenity Baby Rub,Jul2004,950
South Africa,Japan,SoothingSerenity Baby Rub,Aug2004,885
South Africa,Japan,SoothingSerenity Baby Rub,Sep2004,923
South Africa,Japan,SoothingSerenity Baby Rub,Oct2004,858
South Africa,Japan,SoothingSerenity Baby Rub,Nov2004,889
South Africa,Japan,SoothingSerenity Baby Rub,Dec2004,970
South Africa,Japan,FreshFusion Baby Wipes,Apr2004,287
South Africa,Japan,FreshFusion Baby Wipes,Jul2004,273
South Africa,Japan,FreshFusion Baby Wipes,Sep2004,657
South Africa,Japan,FreshFusion Baby Wipes,Dec2004,250
South Africa,Brazil,SmoothOperator Shaving Gel,Jan2004,334
South Africa,Brazil,SmoothOperator Shaving Gel,Feb2004,487
South Africa,Brazil,SmoothOperator Shaving Gel,Mar2004,135
South Africa,Brazil,SmoothOperator Shaving Gel,Apr2004,571
South Africa,Brazil,SmoothOperator Shaving Gel,Oct2004,504
South Africa,Brazil,SmoothOperator Shaving Gel,Nov2004,460
South Africa,Egypt,Refreshing Rose Body Oil,Jan2004,1174
South Africa,Egypt,Refreshing Rose Body Oil,Feb2004,1130
South Africa,Egypt,Refreshing Rose Body Oil,Mar2004,1128
South Africa,Egypt,Refreshing Rose Body Oil,Apr2004,1112
South Africa,Egypt,Refreshing Rose Body Oil,May2004,1256
South Africa,Egypt,Refreshing Rose Body Oil,Jun2004,1201
South Africa,Egypt,Refreshing Rose Body Oil,Jul2004,1141
South Africa,Egypt,Refreshing Rose Body Oil,Aug2004,1034
South Africa,Egypt,Refreshing Rose Body Oil,Sep2004,1120
South Africa,Egypt,Refreshing Rose Body Oil,Oct2004,1097
South Africa,Egypt,Refreshing Rose Body Oil,Nov2004,1096
South Africa,Egypt,Refreshing Rose Body Oil,Dec2004,1193
South Africa,Italy,SmoothOperator Shaving Gel,Jan2004,1030
South Africa,Italy,SmoothOperator Shaving Gel,Feb2004,960
South Africa,Italy,SmoothOperator Shaving Gel,Mar2004,993
South Africa,Italy,SmoothOperator Shaving Gel,Apr2004,1067
South Africa,Italy,SmoothOperator Shaving Gel,May2004,1098
South Africa,Italy,SmoothOperator Shaving Gel,Jun2004,939
South Africa,Italy,SmoothOperator Shaving Gel,Jul2004,1066
South Africa,Italy,SmoothOperator Shaving Gel,Aug2004,997
South Africa,Italy,SmoothOperator Shaving Gel,Sep2004,972
South Africa,Italy,SmoothOperator Shaving Gel,Oct2004,949
South Africa,Italy,SmoothOperator Shaving Gel,Nov2004,1017
South Africa,Italy,SmoothOperator Shaving Gel,Dec2004,983
South Africa,France,FreshStart Toothpaste,Jan2004,879
South Africa,France,FreshStart Toothpaste,Feb2004,872
South Africa,France,FreshStart Toothpaste,Mar2004,974
South Africa,France,FreshStart Toothpaste,Apr2004,1048
South Africa,France,FreshStart Toothpaste,May2004,924
South Africa,France,FreshStart Toothpaste,Jun2004,987
South Africa,France,FreshStart Toothpaste,Jul2004,1010
South Africa,France,FreshStart Toothpaste,Aug2004,939
South Africa,France,FreshStart Toothpaste,Sep2004,920
South Africa,France,FreshStart Toothpaste,Oct2004,987
South Africa,France,FreshStart Toothpaste,Nov2004,906
South Africa,France,FreshStart Toothpaste,Dec2004,918
South Africa,France,CleanSlate Mouthwash,Jan2004,1530
South Africa,France,CleanSlate Mouthwash,Feb2004,1754
South Africa,France,CleanSlate Mouthwash,Mar2004,1532
South Africa,France,CleanSlate Mouthwash,Apr2004,1594
South Africa,France,CleanSlate Mouthwash,May2004,1683
South Africa,France,CleanSlate Mouthwash,Jun2004,1623
South Africa,France,CleanSlate Mouthwash,Jul2004,1640
South Africa,France,CleanSlate Mouthwash,Aug2004,1628
South Africa,France,CleanSlate Mouthwash,Sep2004,1561
South Africa,France,CleanSlate Mouthwash,Oct2004,1509
South Africa,France,CleanSlate Mouthwash,Nov2004,1670
South Africa,France,CleanSlate Mouthwash,Dec2004,1509
South Africa,France,OralEase Gel,Jan2004,39
South Africa,France,OralEase Gel,Apr2004,572
South Africa,France,OralEase Gel,Jun2004,28
South Africa,France,FreshFusion Mouth Rinse,Jan2004,753
South Africa,France,FreshFusion Mouth Rinse,Feb2004,712
South Africa,France,FreshFusion Mouth Rinse,Mar2004,632
South Africa,France,FreshFusion Mouth Rinse,Apr2004,659
South Africa,France,FreshFusion Mouth Rinse,May2004,750
South Africa,France,FreshFusion Mouth Rinse,Jun2004,684
South Africa,France,FreshFusion Mouth Rinse,Jul2004,721
South Africa,France,FreshFusion Mouth Rinse,Aug2004,645
South Africa,France,FreshFusion Mouth Rinse,Sep2004,704
South Africa,France,FreshFusion Mouth Rinse,Oct2004,758
South Africa,France,FreshFusion Mouth Rinse,Nov2004,700
South Africa,France,FreshFusion Mouth Rinse,Dec2004,722
South Africa,France,SmilesSoPure Waterpik,Jan2004,205
South Africa,France,SmilesSoPure Waterpik,Feb2004,176
South Africa,France,SmilesSoPure Waterpik,Mar2004,231
South Africa,France,SmilesSoPure Waterpik,Apr2004,201
South Africa,France,SmilesSoPure Waterpik,May2004,191
South Africa,France,SmilesSoPure Waterpik,Jun2004,185
South Africa,France,SmilesSoPure Waterpik,Jul2004,220
South Africa,France,SmilesSoPure Waterpik,Aug2004,181
South Africa,France,SmilesSoPure Waterpik,Sep2004,232
South Africa,France,SmilesSoPure Waterpik,Oct2004,226
South Africa,France,SmilesSoPure Waterpik,Nov2004,213
South Africa,France,SmilesSoPure Waterpik,Dec2004,185
South Africa,France,SkinSational Moisturizer,Jan2004,1629
South Africa,France,SkinSational Moisturizer,Feb2004,1537
South Africa,France,SkinSational Moisturizer,Mar2004,1557
South Africa,France,SkinSational Moisturizer,Apr2004,1424
South Africa,France,SkinSational Moisturizer,May2004,1622
South Africa,France,SkinSational Moisturizer,Jun2004,1636
South Africa,France,SkinSational Moisturizer,Jul2004,1575
South Africa,France,SkinSational Moisturizer,Aug2004,1613
South Africa,France,SkinSational Moisturizer,Sep2004,1501
South Africa,France,SkinSational Moisturizer,Oct2004,1475
South Africa,France,SkinSational Moisturizer,Nov2004,1555
South Africa,France,SkinSational Moisturizer,Dec2004,1611
South Africa,France,GentleGlow Face Lotion,Jan2004,1431
South Africa,France,GentleGlow Face Lotion,Feb2004,1362
South Africa,France,GentleGlow Face Lotion,Mar2004,1298
South Africa,France,GentleGlow Face Lotion,Apr2004,1380
South Africa,France,GentleGlow Face Lotion,May2004,1349
South Africa,France,GentleGlow Face Lotion,Jun2004,1325
South Africa,France,GentleGlow Face Lotion,Jul2004,1327
South Africa,France,GentleGlow Face Lotion,Aug2004,1342
South Africa,France,GentleGlow Face Lotion,Sep2004,1266
South Africa,France,GentleGlow Face Lotion,Oct2004,1407
South Africa,France,GentleGlow Face Lotion,Nov2004,1297
South Africa,France,GentleGlow Face Lotion,Dec2004,1414
South Africa,France,Refreshing Rose Body Oil,Jan2004,693
South Africa,France,Refreshing Rose Body Oil,Feb2004,632
South Africa,France,Refreshing Rose Body Oil,Mar2004,666
South Africa,France,Refreshing Rose Body Oil,Apr2004,704
South Africa,France,Refreshing Rose Body Oil,May2004,653
South Africa,France,Refreshing Rose Body Oil,Jun2004,638
South Africa,France,Refreshing Rose Body Oil,Jul2004,708
South Africa,France,Refreshing Rose Body Oil,Aug2004,667
South Africa,France,Refreshing Rose Body Oil,Sep2004,687
South Africa,France,Refreshing Rose Body Oil,Oct2004,600
South Africa,France,Refreshing Rose Body Oil,Nov2004,676
South Africa,France,Refreshing Rose Body Oil,Dec2004,674
South Africa,France,SmoothOperator Shaving Gel,Jan2004,620
South Africa,France,SmoothOperator Shaving Gel,Feb2004,606
South Africa,France,SmoothOperator Shaving Gel,Mar2004,625
South Africa,France,SmoothOperator Shaving Gel,Apr2004,611
South Africa,France,SmoothOperator Shaving Gel,May2004,692
South Africa,France,SmoothOperator Shaving Gel,Jun2004,564
South Africa,France,SmoothOperator Shaving Gel,Jul2004,651
South Africa,France,SmoothOperator Shaving Gel,Aug2004,627
South Africa,France,SmoothOperator Shaving Gel,Sep2004,640
South Africa,France,SmoothOperator Shaving Gel,Oct2004,625
South Africa,France,SmoothOperator Shaving Gel,Nov2004,600
South Africa,France,SmoothOperator Shaving Gel,Dec2004,640
South Africa,France,FreshFusion Detergent,Feb2004,226
South Africa,France,FreshFusion Detergent,Apr2004,541
South Africa,France,FreshFusion Detergent,Oct2004,180
South Africa,France,FreshFusion Detergent,Nov2004,554
South Africa,France,CleanSlate Stain Remover,Jan2004,1601
South Africa,France,CleanSlate Stain Remover,Feb2004,1492
South Africa,France,CleanSlate Stain Remover,Mar2004,1524
South Africa,France,CleanSlate Stain Remover,Apr2004,1526
South Africa,France,CleanSlate Stain Remover,May2004,1514
South Africa,France,CleanSlate Stain Remover,Jun2004,1633
South Africa,France,CleanSlate Stain Remover,Jul2004,1595
South Africa,France,CleanSlate Stain Remover,Aug2004,1597
South Africa,France,CleanSlate Stain Remover,Sep2004,1628
South Africa,France,CleanSlate Stain Remover,Oct2004,1598
South Africa,France,CleanSlate Stain Remover,Nov2004,1455
South Africa,France,CleanSlate Stain Remover,Dec2004,1615
South Africa,France,FreshFold Fabric Refresher,Jan2004,1279
South Africa,France,FreshFold Fabric Refresher,Feb2004,1194
South Africa,France,FreshFold Fabric Refresher,Mar2004,1184
South Africa,France,FreshFold Fabric Refresher,Apr2004,1181
South Africa,France,FreshFold Fabric Refresher,May2004,1208
South Africa,France,FreshFold Fabric Refresher,Jun2004,1197
South Africa,France,FreshFold Fabric Refresher,Jul2004,1187
South Africa,France,FreshFold Fabric Refresher,Aug2004,1173
South Africa,France,FreshFold Fabric Refresher,Sep2004,1128
South Africa,France,FreshFold Fabric Refresher,Oct2004,1204
South Africa,France,FreshFold Fabric Refresher,Nov2004,1130
South Africa,France,FreshFold Fabric Refresher,Dec2004,1157
South Africa,France,SoothingSerenity Baby Oil,Jan2004,1958
South Africa,France,SoothingSerenity Baby Oil,Feb2004,1954
South Africa,France,SoothingSerenity Baby Oil,Mar2004,1733
South Africa,France,SoothingSerenity Baby Oil,Apr2004,2066
South Africa,France,SoothingSerenity Baby Oil,May2004,1830
South Africa,France,SoothingSerenity Baby Oil,Jun2004,1904
South Africa,France,SoothingSerenity Baby Oil,Jul2004,1721
South Africa,France,SoothingSerenity Baby Oil,Aug2004,1701
South Africa,France,SoothingSerenity Baby Oil,Sep2004,1786
South Africa,France,SoothingSerenity Baby Oil,Oct2004,1835
South Africa,France,SoothingSerenity Baby Oil,Nov2004,1754
South Africa,France,SoothingSerenity Baby Oil,Dec2004,1875
South Africa,France,CalmingClean Bath Time Wash,Jan2004,529
South Africa,France,CalmingClean Bath Time Wash,Feb2004,509
South Africa,France,CalmingClean Bath Time Wash,Mar2004,536
South Africa,France,CalmingClean Bath Time Wash,Apr2004,492
South Africa,France,CalmingClean Bath Time Wash,May2004,510
South Africa,France,CalmingClean Bath Time Wash,Jun2004,520
South Africa,France,CalmingClean Bath Time Wash,Jul2004,522
South Africa,France,CalmingClean Bath Time Wash,Aug2004,548
South Africa,France,CalmingClean Bath Time Wash,Sep2004,549
South Africa,France,CalmingClean Bath Time Wash,Oct2004,520
South Africa,France,CalmingClean Bath Time Wash,Nov2004,528
South Africa,France,CalmingClean Bath Time Wash,Dec2004,559
South Africa,France,FreshFusion Diaper Rash Remedy,Jan2004,507
South Africa,France,FreshFusion Diaper Rash Remedy,Feb2004,515
South Africa,France,FreshFusion Diaper Rash Remedy,Mar2004,497
South Africa,France,FreshFusion Diaper Rash Remedy,Apr2004,534
South Africa,France,FreshFusion Diaper Rash Remedy,May2004,513
South Africa,France,FreshFusion Diaper Rash Remedy,Jun2004,501
South Africa,France,FreshFusion Diaper Rash Remedy,Jul2004,495
South Africa,France,FreshFusion Diaper Rash Remedy,Aug2004,532
South Africa,France,FreshFusion Diaper Rash Remedy,Sep2004,529
South Africa,France,FreshFusion Diaper Rash Remedy,Oct2004,486
South Africa,France,FreshFusion Diaper Rash Remedy,Nov2004,536
South Africa,France,FreshFusion Diaper Rash Remedy,Dec2004,511
South Africa,France,PurePore Baby Lotion,Jan2004,1047
South Africa,France,PurePore Baby Lotion,Feb2004,1037
South Africa,France,PurePore Baby Lotion,Mar2004,1077
South Africa,France,PurePore Baby Lotion,Apr2004,1154
South Africa,France,PurePore Baby Lotion,May2004,1030
South Africa,France,PurePore Baby Lotion,Jun2004,1085
South Africa,France,PurePore Baby Lotion,Jul2004,1056
South Africa,France,PurePore Baby Lotion,Aug2004,1024
South Africa,France,PurePore Baby Lotion,Sep2004,1025
South Africa,France,PurePore Baby Lotion,Oct2004,1072
South Africa,France,PurePore Baby Lotion,Nov2004,1084
South Africa,France,PurePore Baby Lotion,Dec2004,1080
South Africa,France,SoftStep Baby Shampoo,Jan2004,1938
South Africa,France,SoftStep Baby Shampoo,Feb2004,1860
South Africa,France,SoftStep Baby Shampoo,Mar2004,1904
South Africa,France,SoftStep Baby Shampoo,Apr2004,1887
South Africa,France,SoftStep Baby Shampoo,May2004,1808
South Africa,France,SoftStep Baby Shampoo,Jun2004,1985
South Africa,France,SoftStep Baby Shampoo,Jul2004,1900
South Africa,France,SoftStep Baby Shampoo,Aug2004,1754
South Africa,France,SoftStep Baby Shampoo,Sep2004,2020
South Africa,France,SoftStep Baby Shampoo,Oct2004,1842
South Africa,France,SoftStep Baby Shampoo,Nov2004,1918
South Africa,France,SoftStep Baby Shampoo,Dec2004,2152
South Africa,France,SoothingSerenity Baby Rub,Jan2004,1343
South Africa,France,SoothingSerenity Baby Rub,Feb2004,980
South Africa,France,SoothingSerenity Baby Rub,Mar2004,986
South Africa,France,SoothingSerenity Baby Rub,Apr2004,1347
South Africa,France,SoothingSerenity Baby Rub,May2004,1341
South Africa,France,SoothingSerenity Baby Rub,Jun2004,1226
South Africa,France,SoothingSerenity Baby Rub,Jul2004,1325
South Africa,France,SoothingSerenity Baby Rub,Aug2004,377
South Africa,France,SoothingSerenity Baby Rub,Sep2004,1264
South Africa,France,SoothingSerenity Baby Rub,Oct2004,528
South Africa,France,SoothingSerenity Baby Rub,Nov2004,1338
South Africa,France,SoothingSerenity Baby Rub,Dec2004,1323
South Africa,France,FreshFusion Hair Mask,Jan2004,1755
South Africa,France,FreshFusion Hair Mask,Feb2004,1819
South Africa,France,FreshFusion Hair Mask,Mar2004,1951
South Africa,France,FreshFusion Hair Mask,Apr2004,1698
South Africa,France,FreshFusion Hair Mask,May2004,1704
South Africa,France,FreshFusion Hair Mask,Jun2004,1841
South Africa,France,FreshFusion Hair Mask,Jul2004,1696
South Africa,France,FreshFusion Hair Mask,Aug2004,1690
South Africa,France,FreshFusion Hair Mask,Sep2004,1620
South Africa,France,FreshFusion Hair Mask,Oct2004,1939
South Africa,France,FreshFusion Hair Mask,Nov2004,1824
South Africa,France,FreshFusion Hair Mask,Dec2004,1775
South Africa,France,FreshFusion All-Purpose Cleaner,Jan2004,1768
South Africa,France,FreshFusion All-Purpose Cleaner,Feb2004,1810
South Africa,France,FreshFusion All-Purpose Cleaner,Mar2004,1878
South Africa,France,FreshFusion All-Purpose Cleaner,Apr2004,1838
South Africa,France,FreshFusion All-Purpose Cleaner,May2004,1927
South Africa,France,FreshFusion All-Purpose Cleaner,Jun2004,1861
South Africa,France,FreshFusion All-Purpose Cleaner,Jul2004,2039
South Africa,France,FreshFusion All-Purpose Cleaner,Aug2004,1479
South Africa,France,FreshFusion All-Purpose Cleaner,Sep2004,1840
South Africa,France,FreshFusion All-Purpose Cleaner,Oct2004,1915
South Africa,France,FreshFusion All-Purpose Cleaner,Nov2004,1758
South Africa,France,FreshFusion All-Purpose Cleaner,Dec2004,1746
South Africa,France,SoothingPaws Cat Lotion,Jan2004,687
South Africa,France,SoothingPaws Cat Lotion,Feb2004,701
South Africa,France,SoothingPaws Cat Lotion,Mar2004,639
South Africa,France,SoothingPaws Cat Lotion,Apr2004,564
South Africa,France,SoothingPaws Cat Lotion,May2004,601
South Africa,France,SoothingPaws Cat Lotion,Jun2004,696
South Africa,France,SoothingPaws Cat Lotion,Jul2004,602
South Africa,France,SoothingPaws Cat Lotion,Aug2004,623
South Africa,France,SoothingPaws Cat Lotion,Sep2004,672
South Africa,France,SoothingPaws Cat Lotion,Oct2004,686
South Africa,France,SoothingPaws Cat Lotion,Nov2004,663
South Africa,France,SoothingPaws Cat Lotion,Dec2004,670
South Africa,France,BrightBreeze Pet Odor Eliminator,Jan2004,467
South Africa,France,BrightBreeze Pet Odor Eliminator,Feb2004,368
South Africa,France,BrightBreeze Pet Odor Eliminator,Mar2004,405
South Africa,France,BrightBreeze Pet Odor Eliminator,Apr2004,432
South Africa,France,BrightBreeze Pet Odor Eliminator,May2004,476
South Africa,France,BrightBreeze Pet Odor Eliminator,Jun2004,360
South Africa,France,BrightBreeze Pet Odor Eliminator,Jul2004,378
South Africa,France,BrightBreeze Pet Odor Eliminator,Aug2004,447
South Africa,France,BrightBreeze Pet Odor Eliminator,Sep2004,488
South Africa,France,BrightBreeze Pet Odor Eliminator,Oct2004,387
South Africa,France,BrightBreeze Pet Odor Eliminator,Nov2004,388
South Africa,France,BrightBreeze Pet Odor Eliminator,Dec2004,495
South Africa,United Kingdom,LuminousLip Care,Jan2004,1824
South Africa,United Kingdom,LuminousLip Care,Feb2004,1890
South Africa,United Kingdom,LuminousLip Care,Mar2004,2079
South Africa,United Kingdom,LuminousLip Care,Apr2004,2115
South Africa,United Kingdom,LuminousLip Care,May2004,1918
South Africa,United Kingdom,LuminousLip Care,Jun2004,1990
South Africa,United Kingdom,LuminousLip Care,Jul2004,2019
South Africa,United Kingdom,LuminousLip Care,Aug2004,1969
South Africa,United Kingdom,LuminousLip Care,Sep2004,2213
South Africa,United Kingdom,LuminousLip Care,Oct2004,2029
South Africa,United Kingdom,LuminousLip Care,Nov2004,1968
South Africa,United Kingdom,LuminousLip Care,Dec2004,2134
South Africa,United Kingdom,CleanSlate Mouthwash,Jan2004,1602
South Africa,United Kingdom,CleanSlate Mouthwash,Feb2004,1788
South Africa,United Kingdom,CleanSlate Mouthwash,Mar2004,1719
South Africa,United Kingdom,CleanSlate Mouthwash,Apr2004,1596
South Africa,United Kingdom,CleanSlate Mouthwash,May2004,1666
South Africa,United Kingdom,CleanSlate Mouthwash,Jun2004,1843
South Africa,United Kingdom,CleanSlate Mouthwash,Jul2004,1749
South Africa,United Kingdom,CleanSlate Mouthwash,Aug2004,1739
South Africa,United Kingdom,CleanSlate Mouthwash,Sep2004,1658
South Africa,United Kingdom,CleanSlate Mouthwash,Oct2004,1661
South Africa,United Kingdom,CleanSlate Mouthwash,Nov2004,1760
South Africa,United Kingdom,CleanSlate Mouthwash,Dec2004,1739
South Africa,United Kingdom,OralEase Gel,Jan2004,1845
South Africa,United Kingdom,OralEase Gel,Feb2004,1863
South Africa,United Kingdom,OralEase Gel,Mar2004,2062
South Africa,United Kingdom,OralEase Gel,Apr2004,1900
South Africa,United Kingdom,OralEase Gel,May2004,2085
South Africa,United Kingdom,OralEase Gel,Jun2004,1894
South Africa,United Kingdom,OralEase Gel,Jul2004,2161
South Africa,United Kingdom,OralEase Gel,Aug2004,1850
South Africa,United Kingdom,OralEase Gel,Sep2004,2017
South Africa,United Kingdom,OralEase Gel,Oct2004,2088
South Africa,United Kingdom,OralEase Gel,Nov2004,1948
South Africa,United Kingdom,OralEase Gel,Dec2004,1853
South Africa,United Kingdom,Refreshing Rose Body Oil,Jan2004,1713
South Africa,United Kingdom,Refreshing Rose Body Oil,Feb2004,1757
South Africa,United Kingdom,Refreshing Rose Body Oil,Mar2004,1880
South Africa,United Kingdom,Refreshing Rose Body Oil,Apr2004,1742
South Africa,United Kingdom,Refreshing Rose Body Oil,May2004,1911
South Africa,United Kingdom,Refreshing Rose Body Oil,Jun2004,1758
South Africa,United Kingdom,Refreshing Rose Body Oil,Jul2004,1827
South Africa,United Kingdom,Refreshing Rose Body Oil,Aug2004,1758
South Africa,United Kingdom,Refreshing Rose Body Oil,Sep2004,1796
South Africa,United Kingdom,Refreshing Rose Body Oil,Oct2004,1861
South Africa,United Kingdom,Refreshing Rose Body Oil,Nov2004,1749
South Africa,United Kingdom,Refreshing Rose Body Oil,Dec2004,1733
South Africa,United Kingdom,SmoothOperator Shaving Gel,Jan2004,601
South Africa,United Kingdom,SmoothOperator Shaving Gel,Feb2004,640
South Africa,United Kingdom,SmoothOperator Shaving Gel,Mar2004,616
South Africa,United Kingdom,SmoothOperator Shaving Gel,Apr2004,629
South Africa,United Kingdom,SmoothOperator Shaving Gel,May2004,640
South Africa,United Kingdom,SmoothOperator Shaving Gel,Jun2004,621
South Africa,United Kingdom,SmoothOperator Shaving Gel,Jul2004,630
South Africa,United Kingdom,SmoothOperator Shaving Gel,Aug2004,612
South Africa,United Kingdom,SmoothOperator Shaving Gel,Sep2004,621
South Africa,United Kingdom,SmoothOperator Shaving Gel,Oct2004,609
South Africa,United Kingdom,SmoothOperator Shaving Gel,Nov2004,631
South Africa,United Kingdom,SmoothOperator Shaving Gel,Dec2004,635
South Africa,United Kingdom,SoothingSerenity Baby Rub,Jan2004,940
South Africa,United Kingdom,SoothingSerenity Baby Rub,Feb2004,1039
South Africa,United Kingdom,SoothingSerenity Baby Rub,Mar2004,994
South Africa,United Kingdom,SoothingSerenity Baby Rub,Apr2004,1031
South Africa,United Kingdom,SoothingSerenity Baby Rub,May2004,995
South Africa,United Kingdom,SoothingSerenity Baby Rub,Jun2004,979
South Africa,United Kingdom,SoothingSerenity Baby Rub,Jul2004,1066
South Africa,United Kingdom,SoothingSerenity Baby Rub,Aug2004,984
South Africa,United Kingdom,SoothingSerenity Baby Rub,Sep2004,1000
South Africa,United Kingdom,SoothingSerenity Baby Rub,Oct2004,947
South Africa,United Kingdom,SoothingSerenity Baby Rub,Nov2004,1018
South Africa,United Kingdom,SoothingSerenity Baby Rub,Dec2004,962
South Africa,United Kingdom,SoothingSerenity Humidifier,Jan2004,779
South Africa,United Kingdom,SoothingSerenity Humidifier,Feb2004,681
South Africa,United Kingdom,SoothingSerenity Humidifier,Mar2004,730
South Africa,United Kingdom,SoothingSerenity Humidifier,Apr2004,778
South Africa,United Kingdom,SoothingSerenity Humidifier,May2004,664
South Africa,United Kingdom,SoothingSerenity Humidifier,Jun2004,638
South Africa,United Kingdom,SoothingSerenity Humidifier,Jul2004,825
South Africa,United Kingdom,SoothingSerenity Humidifier,Aug2004,686
South Africa,United Kingdom,SoothingSerenity Humidifier,Sep2004,806
South Africa,United Kingdom,SoothingSerenity Humidifier,Oct2004,742
South Africa,United Kingdom,SoothingSerenity Humidifier,Nov2004,713
South Africa,United Kingdom,SoothingSerenity Humidifier,Dec2004,672
South Africa,United Kingdom,SoothingPaws Cat Lotion,Jan2004,670
South Africa,United Kingdom,SoothingPaws Cat Lotion,Feb2004,607
South Africa,United Kingdom,SoothingPaws Cat Lotion,Mar2004,626
South Africa,United Kingdom,SoothingPaws Cat Lotion,Apr2004,640
South Africa,United Kingdom,SoothingPaws Cat Lotion,May2004,703
South Africa,United Kingdom,SoothingPaws Cat Lotion,Jun2004,639
South Africa,United Kingdom,SoothingPaws Cat Lotion,Jul2004,657
South Africa,United Kingdom,SoothingPaws Cat Lotion,Aug2004,637
South Africa,United Kingdom,SoothingPaws Cat Lotion,Sep2004,626
South Africa,United Kingdom,SoothingPaws Cat Lotion,Oct2004,617
South Africa,United Kingdom,SoothingPaws Cat Lotion,Nov2004,635
South Africa,United Kingdom,SoothingPaws Cat Lotion,Dec2004,619
