Country,Product,Month,Quantity
Australia,BreathBliss Mints,Jan2024,14
Australia,BreathBliss Mints,Feb2024,14
Australia,BreathBliss Mints,Mar2024,14
Australia,BreathBliss Mints,Apr2024,14
Australia,BreathBliss Mints,May2024,14
Australia,BreathBliss Mints,Jun2024,14
Australia,BreathBliss Mints,Jul2024,14
Australia,BreathBliss Mints,Aug2024,14
Australia,BreathBliss Mints,Sep2024,14
Australia,BreathBliss Mints,Oct2024,14
Australia,BreathBliss Mints,Nov2024,14
Australia,BreathBliss Mints,Dec2024,14
Australia,BreatheEasy Inhalant,Jan2024,2
Australia,BreatheEasy Inhalant,Feb2024,2
Australia,BreatheEasy Inhalant,Mar2024,2
Australia,BreatheEasy Inhalant,Apr2024,2
Australia,BreatheEasy Inhalant,May2024,2
Australia,BreatheEasy Inhalant,Jun2024,2
Australia,BreatheEasy Inhalant,Jul2024,2
Australia,BreatheEasy Inhalant,Aug2024,1
Australia,BreatheEasy Inhalant,Sep2024,1
Australia,BreatheEasy Inhalant,Oct2024,1
Australia,BreatheEasy Inhalant,Nov2024,1
Australia,BreatheEasy Inhalant,Dec2024,1
Australia,BrightBreeze Baby Sunscreen Stick,Jan2024,0
Australia,BrightBreeze Baby Sunscreen Stick,Feb2024,0
Australia,BrightBreeze Baby Sunscreen Stick,Mar2024,0
Australia,BrightBreeze Baby Sunscreen Stick,Apr2024,0
Australia,BrightBreeze Baby Sunscreen Stick,May2024,0
Australia,BrightBreeze Baby Sunscreen Stick,Jun2024,0
Australia,BrightBreeze Baby Sunscreen Stick,Jul2024,0
Australia,BrightBreeze Baby Sunscreen Stick,Aug2024,0
Australia,BrightBreeze Baby Sunscreen Stick,Sep2024,0
Australia,BrightBreeze Baby Sunscreen Stick,Oct2024,0
Australia,BrightBreeze Baby Sunscreen Stick,Nov2024,0
Australia,BrightBreeze Baby Sunscreen Stick,Dec2024,0
Australia,BrightBreeze Insect Repellent,Jan2024,1208
Australia,BrightBreeze Insect Repellent,Feb2024,1208
Australia,BrightBreeze Insect Repellent,Mar2024,1208
Australia,BrightBreeze Insect Repellent,Apr2024,1208
Australia,BrightBreeze Insect Repellent,May2024,1207
Australia,BrightBreeze Insect Repellent,Jun2024,205
Australia,BrightBreeze Insect Repellent,Jul2024,205
Australia,BrightBreeze Insect Repellent,Aug2024,205
Australia,BrightBreeze Insect Repellent,Sep2024,205
Australia,BrightBreeze Insect Repellent,Oct2024,205
Australia,BrightBreeze Insect Repellent,Nov2024,204
Australia,BrightBreeze Insect Repellent,Dec2024,194
Australia,BrightBreeze Period Pain Relief,Jan2024,0
Australia,BrightBreeze Period Pain Relief,Feb2024,0
Australia,BrightBreeze Period Pain Relief,Mar2024,0
Australia,BrightBreeze Period Pain Relief,Apr2024,0
Australia,BrightBreeze Period Pain Relief,May2024,0
Australia,BrightBreeze Period Pain Relief,Jun2024,0
Australia,BrightBreeze Period Pain Relief,Jul2024,0
Australia,BrightBreeze Period Pain Relief,Aug2024,0
Australia,BrightBreeze Period Pain Relief,Sep2024,0
Australia,BrightBreeze Period Pain Relief,Oct2024,0
Australia,BrightBreeze Period Pain Relief,Nov2024,0
Australia,BrightBreeze Period Pain Relief,Dec2024,0
Australia,BrightBreeze Pet Odor Eliminator,Jan2024,2
Australia,BrightBreeze Pet Odor Eliminator,Feb2024,2
Australia,BrightBreeze Pet Odor Eliminator,Mar2024,2
Australia,BrightBreeze Pet Odor Eliminator,Apr2024,2
Australia,BrightBreeze Pet Odor Eliminator,May2024,2
Australia,BrightBreeze Pet Odor Eliminator,Jun2024,2
Australia,BrightBreeze Pet Odor Eliminator,Jul2024,2
Australia,BrightBreeze Pet Odor Eliminator,Aug2024,4
Australia,BrightBreeze Pet Odor Eliminator,Sep2024,9
Australia,BrightBreeze Pet Odor Eliminator,Oct2024,11
Australia,BrightBreeze Pet Odor Eliminator,Nov2024,12
Australia,BrightBreeze Pet Odor Eliminator,Dec2024,13
Australia,BrightBreeze Whitening Booster,Jan2024,0
Australia,BrightBreeze Whitening Booster,Feb2024,0
Australia,BrightBreeze Whitening Booster,Mar2024,0
Australia,BrightBreeze Whitening Booster,Apr2024,0
Australia,BrightBreeze Whitening Booster,May2024,0
Australia,BrightBreeze Whitening Booster,Jun2024,0
Australia,BrightBreeze Whitening Booster,Jul2024,0
Australia,BrightBreeze Whitening Booster,Aug2024,0
Australia,BrightBreeze Whitening Booster,Sep2024,0
Australia,BrightBreeze Whitening Booster,Oct2024,0
Australia,BrightBreeze Whitening Booster,Nov2024,0
Australia,BrightBreeze Whitening Booster,Dec2024,0
Australia,BrightBreeze Window Cleaner,Jan2024,1208
Australia,BrightBreeze Window Cleaner,Feb2024,1208
Australia,BrightBreeze Window Cleaner,Mar2024,1208
Australia,BrightBreeze Window Cleaner,Apr2024,1207
Australia,BrightBreeze Window Cleaner,May2024,1207
Australia,BrightBreeze Window Cleaner,Jun2024,1088
Australia,BrightBreeze Window Cleaner,Jul2024,218
Australia,BrightBreeze Window Cleaner,Aug2024,218
Australia,BrightBreeze Window Cleaner,Sep2024,218
Australia,BrightBreeze Window Cleaner,Oct2024,218
Australia,BrightBreeze Window Cleaner,Nov2024,218
Australia,BrightBreeze Window Cleaner,Dec2024,218
Australia,Brightening Body Wash,Jan2024,0
Australia,Brightening Body Wash,Feb2024,0
Australia,Brightening Body Wash,Mar2024,0
Australia,Brightening Body Wash,Apr2024,0
Australia,Brightening Body Wash,May2024,0
Australia,Brightening Body Wash,Jun2024,0
Australia,Brightening Body Wash,Jul2024,0
Australia,Brightening Body Wash,Aug2024,0
Australia,Brightening Body Wash,Sep2024,0
Australia,Brightening Body Wash,Oct2024,0
Australia,Brightening Body Wash,Nov2024,0
Australia,Brightening Body Wash,Dec2024,0
Australia,BriteBite Toothbrush,Jan2024,4
Australia,BriteBite Toothbrush,Feb2024,4
Australia,BriteBite Toothbrush,Mar2024,4
Australia,BriteBite Toothbrush,Apr2024,4
Australia,BriteBite Toothbrush,May2024,4
Australia,BriteBite Toothbrush,Jun2024,4
Australia,BriteBite Toothbrush,Jul2024,4
Australia,BriteBite Toothbrush,Aug2024,4
Australia,BriteBite Toothbrush,Sep2024,4
Australia,BriteBite Toothbrush,Oct2024,4
Australia,BriteBite Toothbrush,Nov2024,4
Australia,BriteBite Toothbrush,Dec2024,4
Brazil,BreathBliss Mints,Jan2024,2
Brazil,BreathBliss Mints,Feb2024,2
Brazil,BreathBliss Mints,Mar2024,2
Brazil,BreathBliss Mints,Apr2024,2
Brazil,BreathBliss Mints,May2024,2
Brazil,BreathBliss Mints,Jun2024,2
Brazil,BreathBliss Mints,Jul2024,2
Brazil,BreathBliss Mints,Aug2024,2
Brazil,BreathBliss Mints,Sep2024,2
Brazil,BreathBliss Mints,Oct2024,2
Brazil,BreathBliss Mints,Nov2024,2
Brazil,BreathBliss Mints,Dec2024,2
Brazil,BreatheEasy Inhalant,Jan2024,1208
Brazil,BreatheEasy Inhalant,Feb2024,1208
Brazil,BreatheEasy Inhalant,Mar2024,1208
Brazil,BreatheEasy Inhalant,Apr2024,1208
Brazil,BreatheEasy Inhalant,May2024,1206
Brazil,BreatheEasy Inhalant,Jun2024,203
Brazil,BreatheEasy Inhalant,Jul2024,203
Brazil,BreatheEasy Inhalant,Aug2024,203
Brazil,BreatheEasy Inhalant,Sep2024,203
Brazil,BreatheEasy Inhalant,Oct2024,203
Brazil,BreatheEasy Inhalant,Nov2024,203
Brazil,BreatheEasy Inhalant,Dec2024,203
Brazil,BrightBreeze Baby Sunscreen Stick,Jan2024,1203
Brazil,BrightBreeze Baby Sunscreen Stick,Feb2024,1203
Brazil,BrightBreeze Baby Sunscreen Stick,Mar2024,1162
Brazil,BrightBreeze Baby Sunscreen Stick,Apr2024,188
Brazil,BrightBreeze Baby Sunscreen Stick,May2024,207
Brazil,BrightBreeze Baby Sunscreen Stick,Jun2024,199
Brazil,BrightBreeze Baby Sunscreen Stick,Jul2024,186
Brazil,BrightBreeze Baby Sunscreen Stick,Aug2024,175
Brazil,BrightBreeze Baby Sunscreen Stick,Sep2024,170
Brazil,BrightBreeze Baby Sunscreen Stick,Oct2024,168
Brazil,BrightBreeze Baby Sunscreen Stick,Nov2024,168
Brazil,BrightBreeze Baby Sunscreen Stick,Dec2024,166
Brazil,BrightBreeze Insect Repellent,Jan2024,610
Brazil,BrightBreeze Insect Repellent,Feb2024,610
Brazil,BrightBreeze Insect Repellent,Mar2024,610
Brazil,BrightBreeze Insect Repellent,Apr2024,610
Brazil,BrightBreeze Insect Repellent,May2024,610
Brazil,BrightBreeze Insect Repellent,Jun2024,137
Brazil,BrightBreeze Insect Repellent,Jul2024,137
Brazil,BrightBreeze Insect Repellent,Aug2024,105
Brazil,BrightBreeze Insect Repellent,Sep2024,105
Brazil,BrightBreeze Insect Repellent,Oct2024,105
Brazil,BrightBreeze Insect Repellent,Nov2024,105
Brazil,BrightBreeze Insect Repellent,Dec2024,105
Brazil,BrightBreeze Period Pain Relief,Jan2024,0
Brazil,BrightBreeze Period Pain Relief,Feb2024,0
Brazil,BrightBreeze Period Pain Relief,Mar2024,0
Brazil,BrightBreeze Period Pain Relief,Apr2024,0
Brazil,BrightBreeze Period Pain Relief,May2024,0
Brazil,BrightBreeze Period Pain Relief,Jun2024,0
Brazil,BrightBreeze Period Pain Relief,Jul2024,0
Brazil,BrightBreeze Period Pain Relief,Aug2024,0
Brazil,BrightBreeze Period Pain Relief,Sep2024,0
Brazil,BrightBreeze Period Pain Relief,Oct2024,0
Brazil,BrightBreeze Period Pain Relief,Nov2024,0
Brazil,BrightBreeze Period Pain Relief,Dec2024,0
Brazil,BrightBreeze Pet Odor Eliminator,Jan2024,991
Brazil,BrightBreeze Pet Odor Eliminator,Feb2024,991
Brazil,BrightBreeze Pet Odor Eliminator,Mar2024,991
Brazil,BrightBreeze Pet Odor Eliminator,Apr2024,991
Brazil,BrightBreeze Pet Odor Eliminator,May2024,992
Brazil,BrightBreeze Pet Odor Eliminator,Jun2024,130
Brazil,BrightBreeze Pet Odor Eliminator,Jul2024,133
Brazil,BrightBreeze Pet Odor Eliminator,Aug2024,132
Brazil,BrightBreeze Pet Odor Eliminator,Sep2024,129
Brazil,BrightBreeze Pet Odor Eliminator,Oct2024,126
Brazil,BrightBreeze Pet Odor Eliminator,Nov2024,124
Brazil,BrightBreeze Pet Odor Eliminator,Dec2024,125
Brazil,BrightBreeze Whitening Booster,Jan2024,0
Brazil,BrightBreeze Whitening Booster,Feb2024,0
Brazil,BrightBreeze Whitening Booster,Mar2024,0
Brazil,BrightBreeze Whitening Booster,Apr2024,0
Brazil,BrightBreeze Whitening Booster,May2024,0
Brazil,BrightBreeze Whitening Booster,Jun2024,0
Brazil,BrightBreeze Whitening Booster,Jul2024,0
Brazil,BrightBreeze Whitening Booster,Aug2024,0
Brazil,BrightBreeze Whitening Booster,Sep2024,0
Brazil,BrightBreeze Whitening Booster,Oct2024,0
Brazil,BrightBreeze Whitening Booster,Nov2024,0
Brazil,BrightBreeze Whitening Booster,Dec2024,0
Brazil,BrightBreeze Window Cleaner,Jan2024,1207
Brazil,BrightBreeze Window Cleaner,Feb2024,1207
Brazil,BrightBreeze Window Cleaner,Mar2024,1207
Brazil,BrightBreeze Window Cleaner,Apr2024,311
Brazil,BrightBreeze Window Cleaner,May2024,155
Brazil,BrightBreeze Window Cleaner,Jun2024,150
Brazil,BrightBreeze Window Cleaner,Jul2024,150
Brazil,BrightBreeze Window Cleaner,Aug2024,150
Brazil,BrightBreeze Window Cleaner,Sep2024,150
Brazil,BrightBreeze Window Cleaner,Oct2024,150
Brazil,BrightBreeze Window Cleaner,Nov2024,150
Brazil,BrightBreeze Window Cleaner,Dec2024,150
Brazil,Brightening Body Wash,Jan2024,0
Brazil,Brightening Body Wash,Feb2024,0
Brazil,Brightening Body Wash,Mar2024,0
Brazil,Brightening Body Wash,Apr2024,0
Brazil,Brightening Body Wash,May2024,0
Brazil,Brightening Body Wash,Jun2024,0
Brazil,Brightening Body Wash,Jul2024,0
Brazil,Brightening Body Wash,Aug2024,0
Brazil,Brightening Body Wash,Sep2024,0
Brazil,Brightening Body Wash,Oct2024,0
Brazil,Brightening Body Wash,Nov2024,0
Brazil,Brightening Body Wash,Dec2024,0
Brazil,BriteBite Toothbrush,Jan2024,1208
Brazil,BriteBite Toothbrush,Feb2024,1208
Brazil,BriteBite Toothbrush,Mar2024,1207
Brazil,BriteBite Toothbrush,Apr2024,1207
Brazil,BriteBite Toothbrush,May2024,1202
Brazil,BriteBite Toothbrush,Jun2024,199
Brazil,BriteBite Toothbrush,Jul2024,199
Brazil,BriteBite Toothbrush,Aug2024,198
Brazil,BriteBite Toothbrush,Sep2024,197
Brazil,BriteBite Toothbrush,Oct2024,195
Brazil,BriteBite Toothbrush,Nov2024,177
Brazil,BriteBite Toothbrush,Dec2024,150
Egypt,BreathBliss Mints,Jan2024,16
Egypt,BreathBliss Mints,Feb2024,16
Egypt,BreathBliss Mints,Mar2024,16
Egypt,BreathBliss Mints,Apr2024,16
Egypt,BreathBliss Mints,May2024,16
Egypt,BreathBliss Mints,Jun2024,16
Egypt,BreathBliss Mints,Jul2024,16
Egypt,BreathBliss Mints,Aug2024,16
Egypt,BreathBliss Mints,Sep2024,16
Egypt,BreathBliss Mints,Oct2024,16
Egypt,BreathBliss Mints,Nov2024,16
Egypt,BreathBliss Mints,Dec2024,16
Egypt,BreatheEasy Inhalant,Jan2024,741
Egypt,BreatheEasy Inhalant,Feb2024,741
Egypt,BreatheEasy Inhalant,Mar2024,741
Egypt,BreatheEasy Inhalant,Apr2024,740
Egypt,BreatheEasy Inhalant,May2024,740
Egypt,BreatheEasy Inhalant,Jun2024,740
Egypt,BreatheEasy Inhalant,Jul2024,124
Egypt,BreatheEasy Inhalant,Aug2024,124
Egypt,BreatheEasy Inhalant,Sep2024,123
Egypt,BreatheEasy Inhalant,Oct2024,116
Egypt,BreatheEasy Inhalant,Nov2024,116
Egypt,BreatheEasy Inhalant,Dec2024,116
Egypt,BrightBreeze Baby Sunscreen Stick,Jan2024,14
Egypt,BrightBreeze Baby Sunscreen Stick,Feb2024,14
Egypt,BrightBreeze Baby Sunscreen Stick,Mar2024,14
Egypt,BrightBreeze Baby Sunscreen Stick,Apr2024,14
Egypt,BrightBreeze Baby Sunscreen Stick,May2024,14
Egypt,BrightBreeze Baby Sunscreen Stick,Jun2024,14
Egypt,BrightBreeze Baby Sunscreen Stick,Jul2024,14
Egypt,BrightBreeze Baby Sunscreen Stick,Aug2024,14
Egypt,BrightBreeze Baby Sunscreen Stick,Sep2024,14
Egypt,BrightBreeze Baby Sunscreen Stick,Oct2024,14
Egypt,BrightBreeze Baby Sunscreen Stick,Nov2024,14
Egypt,BrightBreeze Baby Sunscreen Stick,Dec2024,14
Egypt,BrightBreeze Insect Repellent,Jan2024,1196
Egypt,BrightBreeze Insect Repellent,Feb2024,1196
Egypt,BrightBreeze Insect Repellent,Mar2024,1196
Egypt,BrightBreeze Insect Repellent,Apr2024,1196
Egypt,BrightBreeze Insect Repellent,May2024,1195
Egypt,BrightBreeze Insect Repellent,Jun2024,175
Egypt,BrightBreeze Insect Repellent,Jul2024,174
Egypt,BrightBreeze Insect Repellent,Aug2024,174
Egypt,BrightBreeze Insect Repellent,Sep2024,174
Egypt,BrightBreeze Insect Repellent,Oct2024,174
Egypt,BrightBreeze Insect Repellent,Nov2024,174
Egypt,BrightBreeze Insect Repellent,Dec2024,174
Egypt,BrightBreeze Period Pain Relief,Jan2024,12
Egypt,BrightBreeze Period Pain Relief,Feb2024,12
Egypt,BrightBreeze Period Pain Relief,Mar2024,12
Egypt,BrightBreeze Period Pain Relief,Apr2024,12
Egypt,BrightBreeze Period Pain Relief,May2024,12
Egypt,BrightBreeze Period Pain Relief,Jun2024,12
Egypt,BrightBreeze Period Pain Relief,Jul2024,12
Egypt,BrightBreeze Period Pain Relief,Aug2024,12
Egypt,BrightBreeze Period Pain Relief,Sep2024,12
Egypt,BrightBreeze Period Pain Relief,Oct2024,12
Egypt,BrightBreeze Period Pain Relief,Nov2024,12
Egypt,BrightBreeze Period Pain Relief,Dec2024,12
Egypt,BrightBreeze Pet Odor Eliminator,Jan2024,716
Egypt,BrightBreeze Pet Odor Eliminator,Feb2024,716
Egypt,BrightBreeze Pet Odor Eliminator,Mar2024,717
Egypt,BrightBreeze Pet Odor Eliminator,Apr2024,717
Egypt,BrightBreeze Pet Odor Eliminator,May2024,717
Egypt,BrightBreeze Pet Odor Eliminator,Jun2024,545
Egypt,BrightBreeze Pet Odor Eliminator,Jul2024,153
Egypt,BrightBreeze Pet Odor Eliminator,Aug2024,114
Egypt,BrightBreeze Pet Odor Eliminator,Sep2024,109
Egypt,BrightBreeze Pet Odor Eliminator,Oct2024,108
Egypt,BrightBreeze Pet Odor Eliminator,Nov2024,108
Egypt,BrightBreeze Pet Odor Eliminator,Dec2024,106
Egypt,BrightBreeze Whitening Booster,Jan2024,3
Egypt,BrightBreeze Whitening Booster,Feb2024,3
Egypt,BrightBreeze Whitening Booster,Mar2024,3
Egypt,BrightBreeze Whitening Booster,Apr2024,3
Egypt,BrightBreeze Whitening Booster,May2024,3
Egypt,BrightBreeze Whitening Booster,Jun2024,3
Egypt,BrightBreeze Whitening Booster,Jul2024,3
Egypt,BrightBreeze Whitening Booster,Aug2024,3
Egypt,BrightBreeze Whitening Booster,Sep2024,3
Egypt,BrightBreeze Whitening Booster,Oct2024,3
Egypt,BrightBreeze Whitening Booster,Nov2024,3
Egypt,BrightBreeze Whitening Booster,Dec2024,3
Egypt,BrightBreeze Window Cleaner,Jan2024,19
Egypt,BrightBreeze Window Cleaner,Feb2024,19
Egypt,BrightBreeze Window Cleaner,Mar2024,19
Egypt,BrightBreeze Window Cleaner,Apr2024,19
Egypt,BrightBreeze Window Cleaner,May2024,19
Egypt,BrightBreeze Window Cleaner,Jun2024,19
Egypt,BrightBreeze Window Cleaner,Jul2024,19
Egypt,BrightBreeze Window Cleaner,Aug2024,19
Egypt,BrightBreeze Window Cleaner,Sep2024,19
Egypt,BrightBreeze Window Cleaner,Oct2024,18
Egypt,BrightBreeze Window Cleaner,Nov2024,18
Egypt,BrightBreeze Window Cleaner,Dec2024,18
Egypt,Brightening Body Wash,Jan2024,14
Egypt,Brightening Body Wash,Feb2024,14
Egypt,Brightening Body Wash,Mar2024,14
Egypt,Brightening Body Wash,Apr2024,14
Egypt,Brightening Body Wash,May2024,14
Egypt,Brightening Body Wash,Jun2024,14
Egypt,Brightening Body Wash,Jul2024,14
Egypt,Brightening Body Wash,Aug2024,14
Egypt,Brightening Body Wash,Sep2024,14
Egypt,Brightening Body Wash,Oct2024,14
Egypt,Brightening Body Wash,Nov2024,14
Egypt,Brightening Body Wash,Dec2024,14
Egypt,BriteBite Toothbrush,Jan2024,1208
Egypt,BriteBite Toothbrush,Feb2024,1208
Egypt,BriteBite Toothbrush,Mar2024,1208
Egypt,BriteBite Toothbrush,Apr2024,1208
Egypt,BriteBite Toothbrush,May2024,185
Egypt,BriteBite Toothbrush,Jun2024,185
Egypt,BriteBite Toothbrush,Jul2024,184
Egypt,BriteBite Toothbrush,Aug2024,180
Egypt,BriteBite Toothbrush,Sep2024,155
Egypt,BriteBite Toothbrush,Oct2024,141
Egypt,BriteBite Toothbrush,Nov2024,139
Egypt,BriteBite Toothbrush,Dec2024,139
France,BreathBliss Mints,Jan2024,946
France,BreathBliss Mints,Feb2024,945
France,BreathBliss Mints,Mar2024,935
France,BreathBliss Mints,Apr2024,928
France,BreathBliss Mints,May2024,918
France,BreathBliss Mints,Jun2024,915
France,BreathBliss Mints,Jul2024,302
France,BreathBliss Mints,Aug2024,162
France,BreathBliss Mints,Sep2024,134
France,BreathBliss Mints,Oct2024,134
France,BreathBliss Mints,Nov2024,134
France,BreathBliss Mints,Dec2024,134
France,BreatheEasy Inhalant,Jan2024,6
France,BreatheEasy Inhalant,Feb2024,6
France,BreatheEasy Inhalant,Mar2024,6
France,BreatheEasy Inhalant,Apr2024,6
France,BreatheEasy Inhalant,May2024,6
France,BreatheEasy Inhalant,Jun2024,6
France,BreatheEasy Inhalant,Jul2024,6
France,BreatheEasy Inhalant,Aug2024,6
France,BreatheEasy Inhalant,Sep2024,6
France,BreatheEasy Inhalant,Oct2024,6
France,BreatheEasy Inhalant,Nov2024,6
France,BreatheEasy Inhalant,Dec2024,6
France,BrightBreeze Baby Sunscreen Stick,Jan2024,931
France,BrightBreeze Baby Sunscreen Stick,Feb2024,931
France,BrightBreeze Baby Sunscreen Stick,Mar2024,923
France,BrightBreeze Baby Sunscreen Stick,Apr2024,896
France,BrightBreeze Baby Sunscreen Stick,May2024,897
France,BrightBreeze Baby Sunscreen Stick,Jun2024,162
France,BrightBreeze Baby Sunscreen Stick,Jul2024,133
France,BrightBreeze Baby Sunscreen Stick,Aug2024,133
France,BrightBreeze Baby Sunscreen Stick,Sep2024,133
France,BrightBreeze Baby Sunscreen Stick,Oct2024,132
France,BrightBreeze Baby Sunscreen Stick,Nov2024,129
France,BrightBreeze Baby Sunscreen Stick,Dec2024,124
France,BrightBreeze Insect Repellent,Jan2024,1208
France,BrightBreeze Insect Repellent,Feb2024,1207
France,BrightBreeze Insect Repellent,Mar2024,1206
France,BrightBreeze Insect Repellent,Apr2024,1206
France,BrightBreeze Insect Repellent,May2024,187
France,BrightBreeze Insect Repellent,Jun2024,185
France,BrightBreeze Insect Repellent,Jul2024,184
France,BrightBreeze Insect Repellent,Aug2024,184
France,BrightBreeze Insect Repellent,Sep2024,183
France,BrightBreeze Insect Repellent,Oct2024,175
France,BrightBreeze Insect Repellent,Nov2024,149
France,BrightBreeze Insect Repellent,Dec2024,140
France,BrightBreeze Period Pain Relief,Jan2024,0
France,BrightBreeze Period Pain Relief,Feb2024,0
France,BrightBreeze Period Pain Relief,Mar2024,0
France,BrightBreeze Period Pain Relief,Apr2024,0
France,BrightBreeze Period Pain Relief,May2024,0
France,BrightBreeze Period Pain Relief,Jun2024,0
France,BrightBreeze Period Pain Relief,Jul2024,0
France,BrightBreeze Period Pain Relief,Aug2024,0
France,BrightBreeze Period Pain Relief,Sep2024,0
France,BrightBreeze Period Pain Relief,Oct2024,0
France,BrightBreeze Period Pain Relief,Nov2024,0
France,BrightBreeze Period Pain Relief,Dec2024,0
France,BrightBreeze Pet Odor Eliminator,Jan2024,0
France,BrightBreeze Pet Odor Eliminator,Feb2024,0
France,BrightBreeze Pet Odor Eliminator,Mar2024,0
France,BrightBreeze Pet Odor Eliminator,Apr2024,0
France,BrightBreeze Pet Odor Eliminator,May2024,0
France,BrightBreeze Pet Odor Eliminator,Jun2024,0
France,BrightBreeze Pet Odor Eliminator,Jul2024,0
France,BrightBreeze Pet Odor Eliminator,Aug2024,0
France,BrightBreeze Pet Odor Eliminator,Sep2024,0
France,BrightBreeze Pet Odor Eliminator,Oct2024,0
France,BrightBreeze Pet Odor Eliminator,Nov2024,0
France,BrightBreeze Pet Odor Eliminator,Dec2024,0
France,BrightBreeze Whitening Booster,Jan2024,0
France,BrightBreeze Whitening Booster,Feb2024,0
France,BrightBreeze Whitening Booster,Mar2024,0
France,BrightBreeze Whitening Booster,Apr2024,0
France,BrightBreeze Whitening Booster,May2024,0
France,BrightBreeze Whitening Booster,Jun2024,0
France,BrightBreeze Whitening Booster,Jul2024,0
France,BrightBreeze Whitening Booster,Aug2024,0
France,BrightBreeze Whitening Booster,Sep2024,0
France,BrightBreeze Whitening Booster,Oct2024,0
France,BrightBreeze Whitening Booster,Nov2024,0
France,BrightBreeze Whitening Booster,Dec2024,0
France,BrightBreeze Window Cleaner,Jan2024,1208
France,BrightBreeze Window Cleaner,Feb2024,1208
France,BrightBreeze Window Cleaner,Mar2024,234
France,BrightBreeze Window Cleaner,Apr2024,234
France,BrightBreeze Window Cleaner,May2024,232
France,BrightBreeze Window Cleaner,Jun2024,207
France,BrightBreeze Window Cleaner,Jul2024,178
France,BrightBreeze Window Cleaner,Aug2024,175
France,BrightBreeze Window Cleaner,Sep2024,175
France,BrightBreeze Window Cleaner,Oct2024,175
France,BrightBreeze Window Cleaner,Nov2024,175
France,BrightBreeze Window Cleaner,Dec2024,175
France,Brightening Body Wash,Jan2024,0
France,Brightening Body Wash,Feb2024,0
France,Brightening Body Wash,Mar2024,0
France,Brightening Body Wash,Apr2024,0
France,Brightening Body Wash,May2024,0
France,Brightening Body Wash,Jun2024,0
France,Brightening Body Wash,Jul2024,0
France,Brightening Body Wash,Aug2024,0
France,Brightening Body Wash,Sep2024,0
France,Brightening Body Wash,Oct2024,0
France,Brightening Body Wash,Nov2024,0
France,Brightening Body Wash,Dec2024,0
France,BriteBite Toothbrush,Jan2024,11
France,BriteBite Toothbrush,Feb2024,11
France,BriteBite Toothbrush,Mar2024,11
France,BriteBite Toothbrush,Apr2024,11
France,BriteBite Toothbrush,May2024,11
France,BriteBite Toothbrush,Jun2024,11
France,BriteBite Toothbrush,Jul2024,10
France,BriteBite Toothbrush,Aug2024,10
France,BriteBite Toothbrush,Sep2024,10
France,BriteBite Toothbrush,Oct2024,10
France,BriteBite Toothbrush,Nov2024,10
France,BriteBite Toothbrush,Dec2024,10
India,BreathBliss Mints,Jan2024,1207
India,BreathBliss Mints,Feb2024,1207
India,BreathBliss Mints,Mar2024,230
India,BreathBliss Mints,Apr2024,228
India,BreathBliss Mints,May2024,227
India,BreathBliss Mints,Jun2024,226
India,BreathBliss Mints,Jul2024,214
India,BreathBliss Mints,Aug2024,179
India,BreathBliss Mints,Sep2024,171
India,BreathBliss Mints,Oct2024,170
India,BreathBliss Mints,Nov2024,170
India,BreathBliss Mints,Dec2024,170
India,BreatheEasy Inhalant,Jan2024,1207
India,BreatheEasy Inhalant,Feb2024,1207
India,BreatheEasy Inhalant,Mar2024,1206
India,BreatheEasy Inhalant,Apr2024,1202
India,BreatheEasy Inhalant,May2024,184
India,BreatheEasy Inhalant,Jun2024,184
India,BreatheEasy Inhalant,Jul2024,183
India,BreatheEasy Inhalant,Aug2024,181
India,BreatheEasy Inhalant,Sep2024,178
India,BreatheEasy Inhalant,Oct2024,176
India,BreatheEasy Inhalant,Nov2024,176
India,BreatheEasy Inhalant,Dec2024,176
India,BrightBreeze Baby Sunscreen Stick,Jan2024,0
India,BrightBreeze Baby Sunscreen Stick,Feb2024,0
India,BrightBreeze Baby Sunscreen Stick,Mar2024,0
India,BrightBreeze Baby Sunscreen Stick,Apr2024,0
India,BrightBreeze Baby Sunscreen Stick,May2024,0
India,BrightBreeze Baby Sunscreen Stick,Jun2024,0
India,BrightBreeze Baby Sunscreen Stick,Jul2024,0
India,BrightBreeze Baby Sunscreen Stick,Aug2024,0
India,BrightBreeze Baby Sunscreen Stick,Sep2024,0
India,BrightBreeze Baby Sunscreen Stick,Oct2024,0
India,BrightBreeze Baby Sunscreen Stick,Nov2024,0
India,BrightBreeze Baby Sunscreen Stick,Dec2024,0
India,BrightBreeze Insect Repellent,Jan2024,676
India,BrightBreeze Insect Repellent,Feb2024,676
India,BrightBreeze Insect Repellent,Mar2024,676
India,BrightBreeze Insect Repellent,Apr2024,676
India,BrightBreeze Insect Repellent,May2024,676
India,BrightBreeze Insect Repellent,Jun2024,673
India,BrightBreeze Insect Repellent,Jul2024,167
India,BrightBreeze Insect Repellent,Aug2024,167
India,BrightBreeze Insect Repellent,Sep2024,117
India,BrightBreeze Insect Repellent,Oct2024,112
India,BrightBreeze Insect Repellent,Nov2024,112
India,BrightBreeze Insect Repellent,Dec2024,112
India,BrightBreeze Period Pain Relief,Jan2024,0
India,BrightBreeze Period Pain Relief,Feb2024,0
India,BrightBreeze Period Pain Relief,Mar2024,0
India,BrightBreeze Period Pain Relief,Apr2024,0
India,BrightBreeze Period Pain Relief,May2024,0
India,BrightBreeze Period Pain Relief,Jun2024,0
India,BrightBreeze Period Pain Relief,Jul2024,0
India,BrightBreeze Period Pain Relief,Aug2024,0
India,BrightBreeze Period Pain Relief,Sep2024,0
India,BrightBreeze Period Pain Relief,Oct2024,0
India,BrightBreeze Period Pain Relief,Nov2024,0
India,BrightBreeze Period Pain Relief,Dec2024,0
India,BrightBreeze Pet Odor Eliminator,Jan2024,962
India,BrightBreeze Pet Odor Eliminator,Feb2024,962
India,BrightBreeze Pet Odor Eliminator,Mar2024,962
India,BrightBreeze Pet Odor Eliminator,Apr2024,962
India,BrightBreeze Pet Odor Eliminator,May2024,962
India,BrightBreeze Pet Odor Eliminator,Jun2024,143
India,BrightBreeze Pet Odor Eliminator,Jul2024,143
India,BrightBreeze Pet Odor Eliminator,Aug2024,143
India,BrightBreeze Pet Odor Eliminator,Sep2024,143
India,BrightBreeze Pet Odor Eliminator,Oct2024,142
India,BrightBreeze Pet Odor Eliminator,Nov2024,142
India,BrightBreeze Pet Odor Eliminator,Dec2024,140
India,BrightBreeze Whitening Booster,Jan2024,0
India,BrightBreeze Whitening Booster,Feb2024,0
India,BrightBreeze Whitening Booster,Mar2024,0
India,BrightBreeze Whitening Booster,Apr2024,0
India,BrightBreeze Whitening Booster,May2024,0
India,BrightBreeze Whitening Booster,Jun2024,0
India,BrightBreeze Whitening Booster,Jul2024,0
India,BrightBreeze Whitening Booster,Aug2024,0
India,BrightBreeze Whitening Booster,Sep2024,0
India,BrightBreeze Whitening Booster,Oct2024,0
India,BrightBreeze Whitening Booster,Nov2024,0
India,BrightBreeze Whitening Booster,Dec2024,0
India,BrightBreeze Window Cleaner,Jan2024,10
India,BrightBreeze Window Cleaner,Feb2024,10
India,BrightBreeze Window Cleaner,Mar2024,10
India,BrightBreeze Window Cleaner,Apr2024,10
India,BrightBreeze Window Cleaner,May2024,10
India,BrightBreeze Window Cleaner,Jun2024,10
India,BrightBreeze Window Cleaner,Jul2024,10
India,BrightBreeze Window Cleaner,Aug2024,10
India,BrightBreeze Window Cleaner,Sep2024,10
India,BrightBreeze Window Cleaner,Oct2024,10
India,BrightBreeze Window Cleaner,Nov2024,10
India,BrightBreeze Window Cleaner,Dec2024,10
India,Brightening Body Wash,Jan2024,0
India,Brightening Body Wash,Feb2024,0
India,Brightening Body Wash,Mar2024,0
India,Brightening Body Wash,Apr2024,0
India,Brightening Body Wash,May2024,0
India,Brightening Body Wash,Jun2024,0
India,Brightening Body Wash,Jul2024,0
India,Brightening Body Wash,Aug2024,0
India,Brightening Body Wash,Sep2024,0
India,Brightening Body Wash,Oct2024,0
India,Brightening Body Wash,Nov2024,0
India,Brightening Body Wash,Dec2024,0
India,BriteBite Toothbrush,Jan2024,89
India,BriteBite Toothbrush,Feb2024,89
India,BriteBite Toothbrush,Mar2024,89
India,BriteBite Toothbrush,Apr2024,88
India,BriteBite Toothbrush,May2024,88
India,BriteBite Toothbrush,Jun2024,88
India,BriteBite Toothbrush,Jul2024,88
India,BriteBite Toothbrush,Aug2024,87
India,BriteBite Toothbrush,Sep2024,87
India,BriteBite Toothbrush,Oct2024,87
India,BriteBite Toothbrush,Nov2024,87
India,BriteBite Toothbrush,Dec2024,87
Italy,BreathBliss Mints,Jan2024,3
Italy,BreathBliss Mints,Feb2024,3
Italy,BreathBliss Mints,Mar2024,3
Italy,BreathBliss Mints,Apr2024,3
Italy,BreathBliss Mints,May2024,3
Italy,BreathBliss Mints,Jun2024,2
Italy,BreathBliss Mints,Jul2024,2
Italy,BreathBliss Mints,Aug2024,2
Italy,BreathBliss Mints,Sep2024,2
Italy,BreathBliss Mints,Oct2024,2
Italy,BreathBliss Mints,Nov2024,2
Italy,BreathBliss Mints,Dec2024,2
Italy,BreatheEasy Inhalant,Jan2024,7
Italy,BreatheEasy Inhalant,Feb2024,7
Italy,BreatheEasy Inhalant,Mar2024,7
Italy,BreatheEasy Inhalant,Apr2024,7
Italy,BreatheEasy Inhalant,May2024,7
Italy,BreatheEasy Inhalant,Jun2024,7
Italy,BreatheEasy Inhalant,Jul2024,7
Italy,BreatheEasy Inhalant,Aug2024,7
Italy,BreatheEasy Inhalant,Sep2024,7
Italy,BreatheEasy Inhalant,Oct2024,7
Italy,BreatheEasy Inhalant,Nov2024,7
Italy,BreatheEasy Inhalant,Dec2024,7
Italy,BrightBreeze Baby Sunscreen Stick,Jan2024,0
Italy,BrightBreeze Baby Sunscreen Stick,Feb2024,0
Italy,BrightBreeze Baby Sunscreen Stick,Mar2024,0
Italy,BrightBreeze Baby Sunscreen Stick,Apr2024,0
Italy,BrightBreeze Baby Sunscreen Stick,May2024,0
Italy,BrightBreeze Baby Sunscreen Stick,Jun2024,0
Italy,BrightBreeze Baby Sunscreen Stick,Jul2024,0
Italy,BrightBreeze Baby Sunscreen Stick,Aug2024,0
Italy,BrightBreeze Baby Sunscreen Stick,Sep2024,0
Italy,BrightBreeze Baby Sunscreen Stick,Oct2024,0
Italy,BrightBreeze Baby Sunscreen Stick,Nov2024,0
Italy,BrightBreeze Baby Sunscreen Stick,Dec2024,0
Italy,BrightBreeze Insect Repellent,Jan2024,18
Italy,BrightBreeze Insect Repellent,Feb2024,18
Italy,BrightBreeze Insect Repellent,Mar2024,18
Italy,BrightBreeze Insect Repellent,Apr2024,18
Italy,BrightBreeze Insect Repellent,May2024,18
Italy,BrightBreeze Insect Repellent,Jun2024,18
Italy,BrightBreeze Insect Repellent,Jul2024,18
Italy,BrightBreeze Insect Repellent,Aug2024,18
Italy,BrightBreeze Insect Repellent,Sep2024,18
Italy,BrightBreeze Insect Repellent,Oct2024,17
Italy,BrightBreeze Insect Repellent,Nov2024,17
Italy,BrightBreeze Insect Repellent,Dec2024,18
Italy,BrightBreeze Period Pain Relief,Jan2024,1
Italy,BrightBreeze Period Pain Relief,Feb2024,1
Italy,BrightBreeze Period Pain Relief,Mar2024,1
Italy,BrightBreeze Period Pain Relief,Apr2024,1
Italy,BrightBreeze Period Pain Relief,May2024,1
Italy,BrightBreeze Period Pain Relief,Jun2024,1
Italy,BrightBreeze Period Pain Relief,Jul2024,1
Italy,BrightBreeze Period Pain Relief,Aug2024,1
Italy,BrightBreeze Period Pain Relief,Sep2024,1
Italy,BrightBreeze Period Pain Relief,Oct2024,1
Italy,BrightBreeze Period Pain Relief,Nov2024,1
Italy,BrightBreeze Period Pain Relief,Dec2024,1
Italy,BrightBreeze Pet Odor Eliminator,Jan2024,0
Italy,BrightBreeze Pet Odor Eliminator,Feb2024,0
Italy,BrightBreeze Pet Odor Eliminator,Mar2024,0
Italy,BrightBreeze Pet Odor Eliminator,Apr2024,0
Italy,BrightBreeze Pet Odor Eliminator,May2024,0
Italy,BrightBreeze Pet Odor Eliminator,Jun2024,0
Italy,BrightBreeze Pet Odor Eliminator,Jul2024,0
Italy,BrightBreeze Pet Odor Eliminator,Aug2024,0
Italy,BrightBreeze Pet Odor Eliminator,Sep2024,0
Italy,BrightBreeze Pet Odor Eliminator,Oct2024,0
Italy,BrightBreeze Pet Odor Eliminator,Nov2024,0
Italy,BrightBreeze Pet Odor Eliminator,Dec2024,0
Italy,BrightBreeze Whitening Booster,Jan2024,1207
Italy,BrightBreeze Whitening Booster,Feb2024,1207
Italy,BrightBreeze Whitening Booster,Mar2024,235
Italy,BrightBreeze Whitening Booster,Apr2024,234
Italy,BrightBreeze Whitening Booster,May2024,232
Italy,BrightBreeze Whitening Booster,Jun2024,226
Italy,BrightBreeze Whitening Booster,Jul2024,191
Italy,BrightBreeze Whitening Booster,Aug2024,175
Italy,BrightBreeze Whitening Booster,Sep2024,174
Italy,BrightBreeze Whitening Booster,Oct2024,173
Italy,BrightBreeze Whitening Booster,Nov2024,173
Italy,BrightBreeze Whitening Booster,Dec2024,173
Italy,BrightBreeze Window Cleaner,Jan2024,711
Italy,BrightBreeze Window Cleaner,Feb2024,711
Italy,BrightBreeze Window Cleaner,Mar2024,711
Italy,BrightBreeze Window Cleaner,Apr2024,711
Italy,BrightBreeze Window Cleaner,May2024,712
Italy,BrightBreeze Window Cleaner,Jun2024,157
Italy,BrightBreeze Window Cleaner,Jul2024,155
Italy,BrightBreeze Window Cleaner,Aug2024,111
Italy,BrightBreeze Window Cleaner,Sep2024,111
Italy,BrightBreeze Window Cleaner,Oct2024,111
Italy,BrightBreeze Window Cleaner,Nov2024,110
Italy,BrightBreeze Window Cleaner,Dec2024,108
Italy,Brightening Body Wash,Jan2024,0
Italy,Brightening Body Wash,Feb2024,0
Italy,Brightening Body Wash,Mar2024,0
Italy,Brightening Body Wash,Apr2024,0
Italy,Brightening Body Wash,May2024,0
Italy,Brightening Body Wash,Jun2024,0
Italy,Brightening Body Wash,Jul2024,0
Italy,Brightening Body Wash,Aug2024,0
Italy,Brightening Body Wash,Sep2024,0
Italy,Brightening Body Wash,Oct2024,0
Italy,Brightening Body Wash,Nov2024,0
Italy,Brightening Body Wash,Dec2024,0
Italy,BriteBite Toothbrush,Jan2024,1207
Italy,BriteBite Toothbrush,Feb2024,1207
Italy,BriteBite Toothbrush,Mar2024,687
Italy,BriteBite Toothbrush,Apr2024,230
Italy,BriteBite Toothbrush,May2024,229
Italy,BriteBite Toothbrush,Jun2024,228
Italy,BriteBite Toothbrush,Jul2024,222
Italy,BriteBite Toothbrush,Aug2024,190
Italy,BriteBite Toothbrush,Sep2024,170
Italy,BriteBite Toothbrush,Oct2024,167
Italy,BriteBite Toothbrush,Nov2024,165
Italy,BriteBite Toothbrush,Dec2024,162
Japan,BreathBliss Mints,Jan2024,1200
Japan,BreathBliss Mints,Feb2024,1200
Japan,BreathBliss Mints,Mar2024,1200
Japan,BreathBliss Mints,Apr2024,1200
Japan,BreathBliss Mints,May2024,1200
Japan,BreathBliss Mints,Jun2024,1200
Japan,BreathBliss Mints,Jul2024,179
Japan,BreathBliss Mints,Aug2024,178
Japan,BreathBliss Mints,Sep2024,178
Japan,BreathBliss Mints,Oct2024,178
Japan,BreathBliss Mints,Nov2024,178
Japan,BreathBliss Mints,Dec2024,178
Japan,BreatheEasy Inhalant,Jan2024,1196
Japan,BreatheEasy Inhalant,Feb2024,1196
Japan,BreatheEasy Inhalant,Mar2024,1196
Japan,BreatheEasy Inhalant,Apr2024,1196
Japan,BreatheEasy Inhalant,May2024,163
Japan,BreatheEasy Inhalant,Jun2024,163
Japan,BreatheEasy Inhalant,Jul2024,163
Japan,BreatheEasy Inhalant,Aug2024,163
Japan,BreatheEasy Inhalant,Sep2024,163
Japan,BreatheEasy Inhalant,Oct2024,163
Japan,BreatheEasy Inhalant,Nov2024,163
Japan,BreatheEasy Inhalant,Dec2024,163
Japan,BrightBreeze Baby Sunscreen Stick,Jan2024,1208
Japan,BrightBreeze Baby Sunscreen Stick,Feb2024,1208
Japan,BrightBreeze Baby Sunscreen Stick,Mar2024,1208
Japan,BrightBreeze Baby Sunscreen Stick,Apr2024,1205
Japan,BrightBreeze Baby Sunscreen Stick,May2024,232
Japan,BrightBreeze Baby Sunscreen Stick,Jun2024,232
Japan,BrightBreeze Baby Sunscreen Stick,Jul2024,232
Japan,BrightBreeze Baby Sunscreen Stick,Aug2024,232
Japan,BrightBreeze Baby Sunscreen Stick,Sep2024,232
Japan,BrightBreeze Baby Sunscreen Stick,Oct2024,232
Japan,BrightBreeze Baby Sunscreen Stick,Nov2024,232
Japan,BrightBreeze Baby Sunscreen Stick,Dec2024,231
Japan,BrightBreeze Insect Repellent,Jan2024,1203
Japan,BrightBreeze Insect Repellent,Feb2024,1203
Japan,BrightBreeze Insect Repellent,Mar2024,1203
Japan,BrightBreeze Insect Repellent,Apr2024,1203
Japan,BrightBreeze Insect Repellent,May2024,1125
Japan,BrightBreeze Insect Repellent,Jun2024,176
Japan,BrightBreeze Insect Repellent,Jul2024,176
Japan,BrightBreeze Insect Repellent,Aug2024,176
Japan,BrightBreeze Insect Repellent,Sep2024,176
Japan,BrightBreeze Insect Repellent,Oct2024,176
Japan,BrightBreeze Insect Repellent,Nov2024,175
Japan,BrightBreeze Insect Repellent,Dec2024,172
Japan,BrightBreeze Period Pain Relief,Jan2024,784
Japan,BrightBreeze Period Pain Relief,Feb2024,784
Japan,BrightBreeze Period Pain Relief,Mar2024,784
Japan,BrightBreeze Period Pain Relief,Apr2024,784
Japan,BrightBreeze Period Pain Relief,May2024,784
Japan,BrightBreeze Period Pain Relief,Jun2024,784
Japan,BrightBreeze Period Pain Relief,Jul2024,784
Japan,BrightBreeze Period Pain Relief,Aug2024,120
Japan,BrightBreeze Period Pain Relief,Sep2024,120
Japan,BrightBreeze Period Pain Relief,Oct2024,120
Japan,BrightBreeze Period Pain Relief,Nov2024,114
Japan,BrightBreeze Period Pain Relief,Dec2024,114
Japan,BrightBreeze Pet Odor Eliminator,Jan2024,3
Japan,BrightBreeze Pet Odor Eliminator,Feb2024,3
Japan,BrightBreeze Pet Odor Eliminator,Mar2024,3
Japan,BrightBreeze Pet Odor Eliminator,Apr2024,3
Japan,BrightBreeze Pet Odor Eliminator,May2024,3
Japan,BrightBreeze Pet Odor Eliminator,Jun2024,3
Japan,BrightBreeze Pet Odor Eliminator,Jul2024,3
Japan,BrightBreeze Pet Odor Eliminator,Aug2024,3
Japan,BrightBreeze Pet Odor Eliminator,Sep2024,3
Japan,BrightBreeze Pet Odor Eliminator,Oct2024,3
Japan,BrightBreeze Pet Odor Eliminator,Nov2024,3
Japan,BrightBreeze Pet Odor Eliminator,Dec2024,3
Japan,BrightBreeze Whitening Booster,Jan2024,0
Japan,BrightBreeze Whitening Booster,Feb2024,0
Japan,BrightBreeze Whitening Booster,Mar2024,0
Japan,BrightBreeze Whitening Booster,Apr2024,0
Japan,BrightBreeze Whitening Booster,May2024,0
Japan,BrightBreeze Whitening Booster,Jun2024,0
Japan,BrightBreeze Whitening Booster,Jul2024,0
Japan,BrightBreeze Whitening Booster,Aug2024,0
Japan,BrightBreeze Whitening Booster,Sep2024,0
Japan,BrightBreeze Whitening Booster,Oct2024,0
Japan,BrightBreeze Whitening Booster,Nov2024,0
Japan,BrightBreeze Whitening Booster,Dec2024,0
Japan,BrightBreeze Window Cleaner,Jan2024,19
Japan,BrightBreeze Window Cleaner,Feb2024,19
Japan,BrightBreeze Window Cleaner,Mar2024,19
Japan,BrightBreeze Window Cleaner,Apr2024,19
Japan,BrightBreeze Window Cleaner,May2024,19
Japan,BrightBreeze Window Cleaner,Jun2024,19
Japan,BrightBreeze Window Cleaner,Jul2024,19
Japan,BrightBreeze Window Cleaner,Aug2024,19
Japan,BrightBreeze Window Cleaner,Sep2024,19
Japan,BrightBreeze Window Cleaner,Oct2024,19
Japan,BrightBreeze Window Cleaner,Nov2024,18
Japan,BrightBreeze Window Cleaner,Dec2024,18
Japan,Brightening Body Wash,Jan2024,0
Japan,Brightening Body Wash,Feb2024,0
Japan,Brightening Body Wash,Mar2024,0
Japan,Brightening Body Wash,Apr2024,0
Japan,Brightening Body Wash,May2024,0
Japan,Brightening Body Wash,Jun2024,0
Japan,Brightening Body Wash,Jul2024,0
Japan,Brightening Body Wash,Aug2024,0
Japan,Brightening Body Wash,Sep2024,0
Japan,Brightening Body Wash,Oct2024,0
Japan,Brightening Body Wash,Nov2024,0
Japan,Brightening Body Wash,Dec2024,0
Japan,BriteBite Toothbrush,Jan2024,7
Japan,BriteBite Toothbrush,Feb2024,7
Japan,BriteBite Toothbrush,Mar2024,7
Japan,BriteBite Toothbrush,Apr2024,7
Japan,BriteBite Toothbrush,May2024,7
Japan,BriteBite Toothbrush,Jun2024,7
Japan,BriteBite Toothbrush,Jul2024,7
Japan,BriteBite Toothbrush,Aug2024,7
Japan,BriteBite Toothbrush,Sep2024,7
Japan,BriteBite Toothbrush,Oct2024,7
Japan,BriteBite Toothbrush,Nov2024,7
Japan,BriteBite Toothbrush,Dec2024,7
Russia,BreathBliss Mints,Jan2024,18
Russia,BreathBliss Mints,Feb2024,18
Russia,BreathBliss Mints,Mar2024,18
Russia,BreathBliss Mints,Apr2024,18
Russia,BreathBliss Mints,May2024,18
Russia,BreathBliss Mints,Jun2024,18
Russia,BreathBliss Mints,Jul2024,18
Russia,BreathBliss Mints,Aug2024,18
Russia,BreathBliss Mints,Sep2024,18
Russia,BreathBliss Mints,Oct2024,18
Russia,BreathBliss Mints,Nov2024,18
Russia,BreathBliss Mints,Dec2024,18
Russia,BreatheEasy Inhalant,Jan2024,15
Russia,BreatheEasy Inhalant,Feb2024,15
Russia,BreatheEasy Inhalant,Mar2024,15
Russia,BreatheEasy Inhalant,Apr2024,15
Russia,BreatheEasy Inhalant,May2024,15
Russia,BreatheEasy Inhalant,Jun2024,15
Russia,BreatheEasy Inhalant,Jul2024,15
Russia,BreatheEasy Inhalant,Aug2024,15
Russia,BreatheEasy Inhalant,Sep2024,15
Russia,BreatheEasy Inhalant,Oct2024,15
Russia,BreatheEasy Inhalant,Nov2024,15
Russia,BreatheEasy Inhalant,Dec2024,15
Russia,BrightBreeze Baby Sunscreen Stick,Jan2024,15
Russia,BrightBreeze Baby Sunscreen Stick,Feb2024,15
Russia,BrightBreeze Baby Sunscreen Stick,Mar2024,15
Russia,BrightBreeze Baby Sunscreen Stick,Apr2024,15
Russia,BrightBreeze Baby Sunscreen Stick,May2024,15
Russia,BrightBreeze Baby Sunscreen Stick,Jun2024,15
Russia,BrightBreeze Baby Sunscreen Stick,Jul2024,15
Russia,BrightBreeze Baby Sunscreen Stick,Aug2024,15
Russia,BrightBreeze Baby Sunscreen Stick,Sep2024,15
Russia,BrightBreeze Baby Sunscreen Stick,Oct2024,15
Russia,BrightBreeze Baby Sunscreen Stick,Nov2024,15
Russia,BrightBreeze Baby Sunscreen Stick,Dec2024,15
Russia,BrightBreeze Insect Repellent,Jan2024,691
Russia,BrightBreeze Insect Repellent,Feb2024,691
Russia,BrightBreeze Insect Repellent,Mar2024,691
Russia,BrightBreeze Insect Repellent,Apr2024,691
Russia,BrightBreeze Insect Repellent,May2024,691
Russia,BrightBreeze Insect Repellent,Jun2024,152
Russia,BrightBreeze Insect Repellent,Jul2024,151
Russia,BrightBreeze Insect Repellent,Aug2024,107
Russia,BrightBreeze Insect Repellent,Sep2024,107
Russia,BrightBreeze Insect Repellent,Oct2024,107
Russia,BrightBreeze Insect Repellent,Nov2024,107
Russia,BrightBreeze Insect Repellent,Dec2024,106
Russia,BrightBreeze Period Pain Relief,Jan2024,20
Russia,BrightBreeze Period Pain Relief,Feb2024,20
Russia,BrightBreeze Period Pain Relief,Mar2024,20
Russia,BrightBreeze Period Pain Relief,Apr2024,20
Russia,BrightBreeze Period Pain Relief,May2024,20
Russia,BrightBreeze Period Pain Relief,Jun2024,20
Russia,BrightBreeze Period Pain Relief,Jul2024,20
Russia,BrightBreeze Period Pain Relief,Aug2024,20
Russia,BrightBreeze Period Pain Relief,Sep2024,20
Russia,BrightBreeze Period Pain Relief,Oct2024,20
Russia,BrightBreeze Period Pain Relief,Nov2024,20
Russia,BrightBreeze Period Pain Relief,Dec2024,20
Russia,BrightBreeze Pet Odor Eliminator,Jan2024,17
Russia,BrightBreeze Pet Odor Eliminator,Feb2024,17
Russia,BrightBreeze Pet Odor Eliminator,Mar2024,17
Russia,BrightBreeze Pet Odor Eliminator,Apr2024,17
Russia,BrightBreeze Pet Odor Eliminator,May2024,17
Russia,BrightBreeze Pet Odor Eliminator,Jun2024,17
Russia,BrightBreeze Pet Odor Eliminator,Jul2024,17
Russia,BrightBreeze Pet Odor Eliminator,Aug2024,17
Russia,BrightBreeze Pet Odor Eliminator,Sep2024,17
Russia,BrightBreeze Pet Odor Eliminator,Oct2024,17
Russia,BrightBreeze Pet Odor Eliminator,Nov2024,17
Russia,BrightBreeze Pet Odor Eliminator,Dec2024,17
Russia,BrightBreeze Whitening Booster,Jan2024,1208
Russia,BrightBreeze Whitening Booster,Feb2024,1208
Russia,BrightBreeze Whitening Booster,Mar2024,234
Russia,BrightBreeze Whitening Booster,Apr2024,233
Russia,BrightBreeze Whitening Booster,May2024,231
Russia,BrightBreeze Whitening Booster,Jun2024,212
Russia,BrightBreeze Whitening Booster,Jul2024,179
Russia,BrightBreeze Whitening Booster,Aug2024,173
Russia,BrightBreeze Whitening Booster,Sep2024,173
Russia,BrightBreeze Whitening Booster,Oct2024,173
Russia,BrightBreeze Whitening Booster,Nov2024,172
Russia,BrightBreeze Whitening Booster,Dec2024,170
Russia,BrightBreeze Window Cleaner,Jan2024,21
Russia,BrightBreeze Window Cleaner,Feb2024,21
Russia,BrightBreeze Window Cleaner,Mar2024,21
Russia,BrightBreeze Window Cleaner,Apr2024,21
Russia,BrightBreeze Window Cleaner,May2024,21
Russia,BrightBreeze Window Cleaner,Jun2024,21
Russia,BrightBreeze Window Cleaner,Jul2024,21
Russia,BrightBreeze Window Cleaner,Aug2024,21
Russia,BrightBreeze Window Cleaner,Sep2024,21
Russia,BrightBreeze Window Cleaner,Oct2024,21
Russia,BrightBreeze Window Cleaner,Nov2024,21
Russia,BrightBreeze Window Cleaner,Dec2024,21
Russia,Brightening Body Wash,Jan2024,18
Russia,Brightening Body Wash,Feb2024,18
Russia,Brightening Body Wash,Mar2024,18
Russia,Brightening Body Wash,Apr2024,18
Russia,Brightening Body Wash,May2024,18
Russia,Brightening Body Wash,Jun2024,18
Russia,Brightening Body Wash,Jul2024,18
Russia,Brightening Body Wash,Aug2024,18
Russia,Brightening Body Wash,Sep2024,18
Russia,Brightening Body Wash,Oct2024,18
Russia,Brightening Body Wash,Nov2024,18
Russia,Brightening Body Wash,Dec2024,18
Russia,BriteBite Toothbrush,Jan2024,1080
Russia,BriteBite Toothbrush,Feb2024,1078
Russia,BriteBite Toothbrush,Mar2024,1078
Russia,BriteBite Toothbrush,Apr2024,1078
Russia,BriteBite Toothbrush,May2024,1078
Russia,BriteBite Toothbrush,Jun2024,1078
Russia,BriteBite Toothbrush,Jul2024,162
Russia,BriteBite Toothbrush,Aug2024,154
Russia,BriteBite Toothbrush,Sep2024,155
Russia,BriteBite Toothbrush,Oct2024,155
Russia,BriteBite Toothbrush,Nov2024,155
Russia,BriteBite Toothbrush,Dec2024,156
South Africa,BreathBliss Mints,Jan2024,3
South Africa,BreathBliss Mints,Feb2024,3
South Africa,BreathBliss Mints,Mar2024,3
South Africa,BreathBliss Mints,Apr2024,3
South Africa,BreathBliss Mints,May2024,3
South Africa,BreathBliss Mints,Jun2024,3
South Africa,BreathBliss Mints,Jul2024,3
South Africa,BreathBliss Mints,Aug2024,3
South Africa,BreathBliss Mints,Sep2024,3
South Africa,BreathBliss Mints,Oct2024,3
South Africa,BreathBliss Mints,Nov2024,3
South Africa,BreathBliss Mints,Dec2024,3
South Africa,BreatheEasy Inhalant,Jan2024,0
South Africa,BreatheEasy Inhalant,Feb2024,0
South Africa,BreatheEasy Inhalant,Mar2024,0
South Africa,BreatheEasy Inhalant,Apr2024,0
South Africa,BreatheEasy Inhalant,May2024,0
South Africa,BreatheEasy Inhalant,Jun2024,0
South Africa,BreatheEasy Inhalant,Jul2024,0
South Africa,BreatheEasy Inhalant,Aug2024,0
South Africa,BreatheEasy Inhalant,Sep2024,0
South Africa,BreatheEasy Inhalant,Oct2024,0
South Africa,BreatheEasy Inhalant,Nov2024,0
South Africa,BreatheEasy Inhalant,Dec2024,0
South Africa,BrightBreeze Baby Sunscreen Stick,Jan2024,0
South Africa,BrightBreeze Baby Sunscreen Stick,Feb2024,0
South Africa,BrightBreeze Baby Sunscreen Stick,Mar2024,0
South Africa,BrightBreeze Baby Sunscreen Stick,Apr2024,0
South Africa,BrightBreeze Baby Sunscreen Stick,May2024,0
South Africa,BrightBreeze Baby Sunscreen Stick,Jun2024,0
South Africa,BrightBreeze Baby Sunscreen Stick,Jul2024,0
South Africa,BrightBreeze Baby Sunscreen Stick,Aug2024,0
South Africa,BrightBreeze Baby Sunscreen Stick,Sep2024,0
South Africa,BrightBreeze Baby Sunscreen Stick,Oct2024,0
South Africa,BrightBreeze Baby Sunscreen Stick,Nov2024,0
South Africa,BrightBreeze Baby Sunscreen Stick,Dec2024,0
South Africa,BrightBreeze Insect Repellent,Jan2024,1208
South Africa,BrightBreeze Insect Repellent,Feb2024,1208
South Africa,BrightBreeze Insect Repellent,Mar2024,1208
South Africa,BrightBreeze Insect Repellent,Apr2024,1208
South Africa,BrightBreeze Insect Repellent,May2024,1206
South Africa,BrightBreeze Insect Repellent,Jun2024,205
South Africa,BrightBreeze Insect Repellent,Jul2024,201
South Africa,BrightBreeze Insect Repellent,Aug2024,200
South Africa,BrightBreeze Insect Repellent,Sep2024,200
South Africa,BrightBreeze Insect Repellent,Oct2024,200
South Africa,BrightBreeze Insect Repellent,Nov2024,200
South Africa,BrightBreeze Insect Repellent,Dec2024,200
South Africa,BrightBreeze Period Pain Relief,Jan2024,0
South Africa,BrightBreeze Period Pain Relief,Feb2024,0
South Africa,BrightBreeze Period Pain Relief,Mar2024,0
South Africa,BrightBreeze Period Pain Relief,Apr2024,0
South Africa,BrightBreeze Period Pain Relief,May2024,0
South Africa,BrightBreeze Period Pain Relief,Jun2024,0
South Africa,BrightBreeze Period Pain Relief,Jul2024,0
South Africa,BrightBreeze Period Pain Relief,Aug2024,0
South Africa,BrightBreeze Period Pain Relief,Sep2024,0
South Africa,BrightBreeze Period Pain Relief,Oct2024,0
South Africa,BrightBreeze Period Pain Relief,Nov2024,0
South Africa,BrightBreeze Period Pain Relief,Dec2024,0
South Africa,BrightBreeze Pet Odor Eliminator,Jan2024,978
South Africa,BrightBreeze Pet Odor Eliminator,Feb2024,979
South Africa,BrightBreeze Pet Odor Eliminator,Mar2024,980
South Africa,BrightBreeze Pet Odor Eliminator,Apr2024,981
South Africa,BrightBreeze Pet Odor Eliminator,May2024,981
South Africa,BrightBreeze Pet Odor Eliminator,Jun2024,139
South Africa,BrightBreeze Pet Odor Eliminator,Jul2024,139
South Africa,BrightBreeze Pet Odor Eliminator,Aug2024,140
South Africa,BrightBreeze Pet Odor Eliminator,Sep2024,140
South Africa,BrightBreeze Pet Odor Eliminator,Oct2024,139
South Africa,BrightBreeze Pet Odor Eliminator,Nov2024,138
South Africa,BrightBreeze Pet Odor Eliminator,Dec2024,134
South Africa,BrightBreeze Whitening Booster,Jan2024,0
South Africa,BrightBreeze Whitening Booster,Feb2024,0
South Africa,BrightBreeze Whitening Booster,Mar2024,0
South Africa,BrightBreeze Whitening Booster,Apr2024,0
South Africa,BrightBreeze Whitening Booster,May2024,0
South Africa,BrightBreeze Whitening Booster,Jun2024,0
South Africa,BrightBreeze Whitening Booster,Jul2024,0
South Africa,BrightBreeze Whitening Booster,Aug2024,0
South Africa,BrightBreeze Whitening Booster,Sep2024,0
South Africa,BrightBreeze Whitening Booster,Oct2024,0
South Africa,BrightBreeze Whitening Booster,Nov2024,0
South Africa,BrightBreeze Whitening Booster,Dec2024,0
South Africa,BrightBreeze Window Cleaner,Jan2024,1207
South Africa,BrightBreeze Window Cleaner,Feb2024,1207
South Africa,BrightBreeze Window Cleaner,Mar2024,1207
South Africa,BrightBreeze Window Cleaner,Apr2024,1207
South Africa,BrightBreeze Window Cleaner,May2024,1207
South Africa,BrightBreeze Window Cleaner,Jun2024,617
South Africa,BrightBreeze Window Cleaner,Jul2024,199
South Africa,BrightBreeze Window Cleaner,Aug2024,198
South Africa,BrightBreeze Window Cleaner,Sep2024,198
South Africa,BrightBreeze Window Cleaner,Oct2024,198
South Africa,BrightBreeze Window Cleaner,Nov2024,198
South Africa,BrightBreeze Window Cleaner,Dec2024,198
South Africa,Brightening Body Wash,Jan2024,776
South Africa,Brightening Body Wash,Feb2024,776
South Africa,Brightening Body Wash,Mar2024,775
South Africa,Brightening Body Wash,Apr2024,775
South Africa,Brightening Body Wash,May2024,775
South Africa,Brightening Body Wash,Jun2024,167
South Africa,Brightening Body Wash,Jul2024,117
South Africa,Brightening Body Wash,Aug2024,117
South Africa,Brightening Body Wash,Sep2024,117
South Africa,Brightening Body Wash,Oct2024,116
South Africa,Brightening Body Wash,Nov2024,116
South Africa,Brightening Body Wash,Dec2024,115
South Africa,BriteBite Toothbrush,Jan2024,3
South Africa,BriteBite Toothbrush,Feb2024,3
South Africa,BriteBite Toothbrush,Mar2024,3
South Africa,BriteBite Toothbrush,Apr2024,3
South Africa,BriteBite Toothbrush,May2024,3
South Africa,BriteBite Toothbrush,Jun2024,3
South Africa,BriteBite Toothbrush,Jul2024,3
South Africa,BriteBite Toothbrush,Aug2024,3
South Africa,BriteBite Toothbrush,Sep2024,3
South Africa,BriteBite Toothbrush,Oct2024,3
South Africa,BriteBite Toothbrush,Nov2024,3
South Africa,BriteBite Toothbrush,Dec2024,3
United Kingdom,BreathBliss Mints,Jan2024,828
United Kingdom,BreathBliss Mints,Feb2024,827
United Kingdom,BreathBliss Mints,Mar2024,827
United Kingdom,BreathBliss Mints,Apr2024,827
United Kingdom,BreathBliss Mints,May2024,827
United Kingdom,BreathBliss Mints,Jun2024,822
United Kingdom,BreathBliss Mints,Jul2024,186
United Kingdom,BreathBliss Mints,Aug2024,125
United Kingdom,BreathBliss Mints,Sep2024,122
United Kingdom,BreathBliss Mints,Oct2024,119
United Kingdom,BreathBliss Mints,Nov2024,117
United Kingdom,BreathBliss Mints,Dec2024,117
United Kingdom,BreatheEasy Inhalant,Jan2024,13
United Kingdom,BreatheEasy Inhalant,Feb2024,13
United Kingdom,BreatheEasy Inhalant,Mar2024,13
United Kingdom,BreatheEasy Inhalant,Apr2024,13
United Kingdom,BreatheEasy Inhalant,May2024,13
United Kingdom,BreatheEasy Inhalant,Jun2024,13
United Kingdom,BreatheEasy Inhalant,Jul2024,13
United Kingdom,BreatheEasy Inhalant,Aug2024,13
United Kingdom,BreatheEasy Inhalant,Sep2024,13
United Kingdom,BreatheEasy Inhalant,Oct2024,13
United Kingdom,BreatheEasy Inhalant,Nov2024,13
United Kingdom,BreatheEasy Inhalant,Dec2024,13
United Kingdom,BrightBreeze Baby Sunscreen Stick,Jan2024,700
United Kingdom,BrightBreeze Baby Sunscreen Stick,Feb2024,700
United Kingdom,BrightBreeze Baby Sunscreen Stick,Mar2024,700
United Kingdom,BrightBreeze Baby Sunscreen Stick,Apr2024,700
United Kingdom,BrightBreeze Baby Sunscreen Stick,May2024,700
United Kingdom,BrightBreeze Baby Sunscreen Stick,Jun2024,698
United Kingdom,BrightBreeze Baby Sunscreen Stick,Jul2024,176
United Kingdom,BrightBreeze Baby Sunscreen Stick,Aug2024,174
United Kingdom,BrightBreeze Baby Sunscreen Stick,Sep2024,114
United Kingdom,BrightBreeze Baby Sunscreen Stick,Oct2024,111
United Kingdom,BrightBreeze Baby Sunscreen Stick,Nov2024,111
United Kingdom,BrightBreeze Baby Sunscreen Stick,Dec2024,111
United Kingdom,BrightBreeze Insect Repellent,Jan2024,103
United Kingdom,BrightBreeze Insect Repellent,Feb2024,103
United Kingdom,BrightBreeze Insect Repellent,Mar2024,103
United Kingdom,BrightBreeze Insect Repellent,Apr2024,103
United Kingdom,BrightBreeze Insect Repellent,May2024,102
United Kingdom,BrightBreeze Insect Repellent,Jun2024,99
United Kingdom,BrightBreeze Insect Repellent,Jul2024,96
United Kingdom,BrightBreeze Insect Repellent,Aug2024,94
United Kingdom,BrightBreeze Insect Repellent,Sep2024,94
United Kingdom,BrightBreeze Insect Repellent,Oct2024,94
United Kingdom,BrightBreeze Insect Repellent,Nov2024,94
United Kingdom,BrightBreeze Insect Repellent,Dec2024,94
United Kingdom,BrightBreeze Period Pain Relief,Jan2024,12
United Kingdom,BrightBreeze Period Pain Relief,Feb2024,12
United Kingdom,BrightBreeze Period Pain Relief,Mar2024,12
United Kingdom,BrightBreeze Period Pain Relief,Apr2024,12
United Kingdom,BrightBreeze Period Pain Relief,May2024,12
United Kingdom,BrightBreeze Period Pain Relief,Jun2024,12
United Kingdom,BrightBreeze Period Pain Relief,Jul2024,12
United Kingdom,BrightBreeze Period Pain Relief,Aug2024,12
United Kingdom,BrightBreeze Period Pain Relief,Sep2024,12
United Kingdom,BrightBreeze Period Pain Relief,Oct2024,12
United Kingdom,BrightBreeze Period Pain Relief,Nov2024,12
United Kingdom,BrightBreeze Period Pain Relief,Dec2024,12
United Kingdom,BrightBreeze Pet Odor Eliminator,Jan2024,1197
United Kingdom,BrightBreeze Pet Odor Eliminator,Feb2024,1197
United Kingdom,BrightBreeze Pet Odor Eliminator,Mar2024,1197
United Kingdom,BrightBreeze Pet Odor Eliminator,Apr2024,1197
United Kingdom,BrightBreeze Pet Odor Eliminator,May2024,1196
United Kingdom,BrightBreeze Pet Odor Eliminator,Jun2024,163
United Kingdom,BrightBreeze Pet Odor Eliminator,Jul2024,163
United Kingdom,BrightBreeze Pet Odor Eliminator,Aug2024,163
United Kingdom,BrightBreeze Pet Odor Eliminator,Sep2024,163
United Kingdom,BrightBreeze Pet Odor Eliminator,Oct2024,163
United Kingdom,BrightBreeze Pet Odor Eliminator,Nov2024,163
United Kingdom,BrightBreeze Pet Odor Eliminator,Dec2024,163
United Kingdom,BrightBreeze Whitening Booster,Jan2024,827
United Kingdom,BrightBreeze Whitening Booster,Feb2024,828
United Kingdom,BrightBreeze Whitening Booster,Mar2024,828
United Kingdom,BrightBreeze Whitening Booster,Apr2024,828
United Kingdom,BrightBreeze Whitening Booster,May2024,828
United Kingdom,BrightBreeze Whitening Booster,Jun2024,230
United Kingdom,BrightBreeze Whitening Booster,Jul2024,125
United Kingdom,BrightBreeze Whitening Booster,Aug2024,124
United Kingdom,BrightBreeze Whitening Booster,Sep2024,124
United Kingdom,BrightBreeze Whitening Booster,Oct2024,124
United Kingdom,BrightBreeze Whitening Booster,Nov2024,123
United Kingdom,BrightBreeze Whitening Booster,Dec2024,122
United Kingdom,BrightBreeze Window Cleaner,Jan2024,1127
United Kingdom,BrightBreeze Window Cleaner,Feb2024,1127
United Kingdom,BrightBreeze Window Cleaner,Mar2024,1127
United Kingdom,BrightBreeze Window Cleaner,Apr2024,1127
United Kingdom,BrightBreeze Window Cleaner,May2024,1127
United Kingdom,BrightBreeze Window Cleaner,Jun2024,182
United Kingdom,BrightBreeze Window Cleaner,Jul2024,176
United Kingdom,BrightBreeze Window Cleaner,Aug2024,176
United Kingdom,BrightBreeze Window Cleaner,Sep2024,176
United Kingdom,BrightBreeze Window Cleaner,Oct2024,176
United Kingdom,BrightBreeze Window Cleaner,Nov2024,176
United Kingdom,BrightBreeze Window Cleaner,Dec2024,176
United Kingdom,Brightening Body Wash,Jan2024,6
United Kingdom,Brightening Body Wash,Feb2024,6
United Kingdom,Brightening Body Wash,Mar2024,6
United Kingdom,Brightening Body Wash,Apr2024,6
United Kingdom,Brightening Body Wash,May2024,6
United Kingdom,Brightening Body Wash,Jun2024,6
United Kingdom,Brightening Body Wash,Jul2024,6
United Kingdom,Brightening Body Wash,Aug2024,6
United Kingdom,Brightening Body Wash,Sep2024,6
United Kingdom,Brightening Body Wash,Oct2024,6
United Kingdom,Brightening Body Wash,Nov2024,6
United Kingdom,Brightening Body Wash,Dec2024,6
United Kingdom,BriteBite Toothbrush,Jan2024,1208
United Kingdom,BriteBite Toothbrush,Feb2024,1208
United Kingdom,BriteBite Toothbrush,Mar2024,1207
United Kingdom,BriteBite Toothbrush,Apr2024,1207
United Kingdom,BriteBite Toothbrush,May2024,484
United Kingdom,BriteBite Toothbrush,Jun2024,201
United Kingdom,BriteBite Toothbrush,Jul2024,201
United Kingdom,BriteBite Toothbrush,Aug2024,201
United Kingdom,BriteBite Toothbrush,Sep2024,200
United Kingdom,BriteBite Toothbrush,Oct2024,196
United Kingdom,BriteBite Toothbrush,Nov2024,173
United Kingdom,BriteBite Toothbrush,Dec2024,155
